"participant","round","Phase","PhaseBO","isPareto","energy","taskload","accInformed","accPleasant","accGlance","size_leaf","size_score","size_feedback","size_speed","size_accel","size_labels","opacity","routeCode","avgSpeedKmh","maxSpeedKmh","collisions","maxStuckS","avgEcoScore","tlxMental","tlxDistraction","drivingTimeS","distanceM","sdSpeedKmh","meanAbsAccel","sdAccel","pctHarshAccel","sdThrottle","sdSteer","pctStopped","finalEcoScore","nVisible","speed_alpha","energy_n","taskload_n","accInformed_n","accPleasant_n","accGlance_n","overallQuality"
"P01",1,"Sampling","sampling",FALSE,27.867,60,20,60,60,0.809,0.429,0.885,0.564,0.35,0.863,0.034,"R1",10.7,46,1,0,55.8,60,60,71.34,213.315266436576,13.96166011565,1.09570936098655,2.1910428376545,10.2298206278027,0.293100112029013,0.0175538221922158,34.2208520179372,23.3,3,0.4,0.18578,0.6,0.8,0.4,0.4,52.2844
"P01",2,"Sampling","sampling",TRUE,34.608,25,70,80,65,0.176,0.008,0.82,0.232,0.372,0.801,0.535,"R2",28,47.3,0,0,68.9,20,30,20.86,162.252479881594,16.899510140146,0.919500957854406,1.108878505994,3.06513409961686,0.238752956647302,0.0194120227548323,12.9310344827586,87,2,0.5811,0.23072,0.25,0.3,0.2,0.35,73.3856
"P01",3,"Sampling","sampling",FALSE,31.912,55,35,35,55,0.098,0.609,0.673,0.573,0.557,0.48,0.332,"R3",16.7,43.4,3,0,39.9,75,35,59.17,275.370655382138,13.8865878086831,1.68601419398445,2.76658330238296,17.7086853666779,0.281333488392434,0.296721629541294,14.0925988509632,41.8,4,0.4,0.212746666666667,0.55,0.65,0.65,0.45,49.7450666666667
"P01",4,"Sampling","sampling",FALSE,35.573,47.5,10,15,55,0.457,0.849,0.551,0.019,0.987,0.53,0.947,"R7",13.9,49.8,20,0,29.6,85,10,135.74,523.641505160041,11.9068820204404,2.00187669416618,6.42593200670721,22.5397760754272,0.568625853897743,0.280003577855038,16.0135533294048,41.4,4,0.9524,0.237153333333333,0.475,0.9,0.85,0.45,41.7569333333333
"P01",5,"Sampling","sampling",TRUE,38.803,37.5,75,75,75,0.864,0.723,0.311,0.155,0.893,0.126,0.684,"R1",11.7,46.2,0,0,53.4,45,30,65.75,213.110274479974,15.0447905833602,1.25878375912409,2.50572510005901,15.0851581508516,0.365323019025957,0.00885873903178132,47.2019464720195,53.8,3,0.7155,0.258686666666667,0.375,0.25,0.25,0.25,72.3262666666667
"P01",6,"Sampling","sampling",FALSE,40.108,37.5,40,55,65,0.611,0.65,0.045,0.509,0.199,0.467,0.439,"R2",33.5,51.1,0,0,64.5,35,40,17.46,162.693117627361,17.0165622229129,1.22461327231121,1.38998837937787,8.5812356979405,0.244839774303969,0.0204852682005178,9.1533180778032,61.7,3,0.4948,0.267386666666667,0.375,0.6,0.45,0.35,59.1522666666667
"P01",7,"Sampling","sampling",FALSE,34.943,27.5,40,10,35,0.021,0.995,0.086,0.522,0.897,0.102,0.912,"R3",16.1,47.3,5,0,31.3,40,15,63.4,283.171379333099,14.6617622408311,1.78222768842636,3.37419195300977,20.9082308420057,0.391776368658365,0.162888821886234,31.4727215389467,43.7,2,0.9209,0.232953333333333,0.275,0.6,0.9,0.65,46.8409333333333
"P01",8,"Sampling","sampling",FALSE,36.221,42.5,40,20,50,0.085,0.529,0.722,0.269,0.706,0.534,1,"R7",9.5,37.2,2,0,30.2,45,40,61.76,163.683363131683,9.51616702982001,1.3935003238342,2.96309790026218,11.0751295336788,0.296942182766118,0.337431503832005,27.3963730569948,36.8,4,0.9996,0.241473333333333,0.425,0.6,0.8,0.5,48.6705333333333
"P01",9,"Sampling","sampling",TRUE,31.014,32.5,65,90,85,0.953,0.666,0.066,0.773,0.382,0.595,0.582,"R1",26.4,45.9,0,0,53.8,45,20,28.96,212.718102000743,18.1864800168433,1.67366735679779,2.80632666019175,19.1856452726018,0.325405606617997,0.0079658516555632,17.3913043478261,49.2,3,0.624,0.20676,0.325,0.35,0.1,0.15,77.3648
"P01",10,"Sampling","sampling",FALSE,38.327,42.5,55,35,40,0.41,0.625,0.877,0.696,0.101,0.354,0.402,"R2",36.4,53.2,2,0,56.6,45,40,16.04,162.442991279314,18.7695609468885,1.55936363636364,2.00385522190588,25.653798256538,0.306193631325891,0.0194565501215774,11.332503113325,76.9,2,0.4622,0.255513333333333,0.425,0.45,0.65,0.6,52.3897333333333
"P01",11,"Sampling","sampling",FALSE,35.791,52.5,30,10,40,0.168,0.912,0.299,0.766,0.578,0.721,0.337,"R3",20.5,47.7,2,0,40.5,70,35,48.47,275.559298262985,15.32760986638,2.0466051980198,3.25748404232731,25.9488448844884,0.350473393259905,0.273792412914568,12.7062706270627,45.8,3,0.4034,0.238606666666667,0.525,0.7,0.9,0.6,40.7278666666667
"P01",12,"Sampling","sampling",FALSE,53.638,50,35,65,60,0.998,0.764,0.411,0.998,0.208,0.235,0.678,"R7",10.3,38.9,10,0,18.8,60,40,69.62,199.216029899137,10.1443170096359,2.35321137277427,7.65953632698697,33.4865020103389,0.555488258700282,0.270987739236066,30.7581849511775,41.6,2,0.7104,0.357586666666667,0.5,0.65,0.35,0.4,54.8482666666667
"P01",13,"Sampling","sampling",FALSE,43.628,47.5,40,40,50,0.99,0.532,0.696,0.129,0.932,0.548,0.872,"R1",22.3,51,1,0,32.9,40,55,34.42,213.054145800625,17.5724280697851,2.91093201626961,5.03229336603451,42.7077280650784,0.466498042183689,0.0128087057657746,17.0249854735619,49.2,5,0.8845,0.290853333333333,0.475,0.6,0.6,0.5,50.6829333333333
"P01",14,"Sampling","sampling",TRUE,27.736,35,70,80,70,0.08,0.224,0.546,0.658,0.353,0.291,0.112,"R2",30,37.6,0,0,68,35,35,19.5,162.513058515685,11.3071214675838,1.09300205128205,1.49787942929528,13.7435897435897,0.167810634325679,0.0197380145171691,6.25641025641026,83.9,1,0.4,0.184906666666667,0.35,0.3,0.2,0.3,73.3018666666667
"P01",15,"Sampling","sampling",FALSE,34.898,27.5,30,25,20,0.032,0.253,0.402,0.459,0.992,0.43,0.298,"R3",13.3,52.3,5,0,29.6,30,25,78,287.620872758032,17.1721696482434,1.46502717948718,3.41681041526296,18.5384615384615,0.485433656560309,0.217465308110855,43.3589743589744,47.4,1,0.4,0.232653333333333,0.275,0.7,0.75,0.8,44.8469333333333
"P01",16,"Optimisation","optimization",FALSE,41.581,40,70,80,45,0.896,0.737,0.007,0.485,0.628,0.427,0.83,"R7",18.3,44,3,0,41.5,40,40,32.25,163.656041534206,12.5274235863487,2.29457718536888,4.38375878383864,30.2541847489151,0.380650720065488,0.348198353304027,13.3911965282083,49.9,3,0.8469,0.277206666666667,0.4,0.3,0.2,0.55,65.4558666666667
"P01",17,"Optimisation","optimization",FALSE,38.387,40,40,70,40,0.943,0.571,0,0.734,0.385,0.761,0.189,"R1",25.1,54.3,0,0,36.4,40,40,30.53,212.882169931239,22.0813081017451,1.84955926653569,3.25235589623793,26.5225933202358,0.460235684252916,0.0116733487229881,28.7491814014407,51.4,3,0.4,0.255913333333333,0.4,0.6,0.3,0.6,56.8817333333333
"P01",18,"Optimisation","optimization",FALSE,52.667,40,25,75,55,0.915,0.635,0.16,0.424,0.631,0.104,0.604,"R2",17.7,53.6,1,0,26.7,35,45,33.15,162.577302518304,20.8197523103806,1.78406453558504,17.8619562496792,20.627261761158,0.467199834018939,0.016781490670032,46.562123039807,47.4,3,0.6438,0.351113333333333,0.4,0.75,0.25,0.45,55.9777333333333
"P01",19,"Optimisation","optimization",FALSE,34.16,37.5,55,65,65,1,0.894,0,0.81,0.473,0.532,0.602,"R3",27.1,49.7,4,0,44.3,35,40,36.92,277.274906672434,18.7993788115574,2.20928548212351,17.3970380108735,25.0270855904659,0.442180392639084,0.142351744454686,23.8894907908992,49.3,4,0.6414,0.227733333333333,0.375,0.45,0.35,0.35,64.9453333333333
"P01",20,"Optimisation","optimization",FALSE,35.759,35,65,90,65,1,0.619,0.098,0.843,0.312,0.661,0.624,"R7",11.8,37.5,1,0,29.2,35,35,48,158.199304975762,9.97287370609177,1.75668263223657,4.03349594912017,18.2007496876302,0.275300754537866,0.380076541399162,16.3265306122449,51.2,3,0.6619,0.238393333333333,0.35,0.35,0.1,0.35,72.2321333333333
"P01",21,"Final design","finaldesign",NA,44.355,52.5,70,60,50,0.953,0.666,0.066,0.773,0.382,0.595,0.582,"R1",22.2,51.9,4,0,45.7,40,65,34.71,213.587734618767,16.9299216112644,2.27494585253456,8.19903652780148,32.1428571428571,0.397706610892069,0.0252567448299362,14.1705069124424,53.1,3,0.6238,0.2957,0.525,0.3,0.4,0.5,59.586
"P02",1,"Sampling","sampling",TRUE,39.567,40,75,75,70,0.597,0.858,0.569,0.221,0.266,0.244,0.506,"R1",9,53.5,0,0,85.6,40,40,85.15,212.736661181681,18.9984736529656,0.339263738844528,0.982234025307708,4.5091592296853,0.390326666041449,0.00738618113373124,79.9906059182715,51.5,3,0.5558,0.26378,0.4,0.25,0.25,0.3,70.7244
"P02",2,"Sampling","sampling",FALSE,44.861,40,75,80,75,0.095,0.06,0.645,0.5,0.444,0.065,0.25,"R2",40.7,53.9,0,0,50.9,40,40,14.38,162.277241954508,17.4913303194746,1.5778331015299,1.92323289913376,24.0611961057024,0.253089465693419,0.0149891322950735,7.09318497913769,45.7,1,0.4,0.299073333333333,0.4,0.25,0.2,0.25,72.0185333333333
"P02",3,"Sampling","sampling",TRUE,41.672,37.5,60,65,70,0.843,0.058,0.02,0.411,0.032,0.551,0.564,"R3",18.3,53.2,7,0,29.4,30,45,58.45,296.839200098237,20.1501603109181,1.76289394457749,3.63143995772502,23.742730071844,0.625872307587487,0.317093816823183,35.0667122819022,42.9,2,0.6077,0.277813333333333,0.375,0.4,0.35,0.3,65.9437333333333
"P02",4,"Sampling","sampling",FALSE,58.544,30,60,65,60,0.723,0.918,0.098,0.94,0.711,0.836,0.009,"R7",13,43.8,3,0,31,30,30,43.4,157.122723193278,11.521626649721,2.66576830953478,8.37962433500334,43.98894518655,0.406529495939133,0.343075218752779,23.1690465223399,42.4,4,0.4,0.390293333333333,0.3,0.4,0.35,0.4,63.1941333333333
"P02",5,"Sampling","sampling",TRUE,37.152,27.5,65,75,55,0.89,0.508,0.988,0.122,0.741,0.275,0.656,"R1",39.9,53.6,0,0,52.8,35,20,19.2,212.805749941792,19.8512222675571,1.30805202913632,1.77291409641793,17.7939646201873,0.339053106742608,0.0149843903633488,13.5275754422477,48.3,4,0.6903,0.24768,0.275,0.35,0.25,0.45,68.5464
"P02",6,"Sampling","sampling",FALSE,45.428,50,75,80,60,0.738,0.121,0.842,0.491,0.627,0.52,0.842,"R2",36.3,54.1,0,0,56.9,35,65,16.11,162.372052164674,19.0634161713057,1.49634243176179,1.84067719229288,21.0918114143921,0.367642601042955,0.0219763356087456,13.6476426799007,45.7,4,0.8574,0.302853333333333,0.5,0.25,0.2,0.4,66.9429333333333
"P02",7,"Sampling","sampling",FALSE,45.61,32.5,70,90,85,0.651,0.131,0.335,0.001,0.6,0.953,0.476,"R3",19.3,52.3,8,0,31.1,30,35,56.53,302.461135807916,17.4483752448978,2.71306720905554,4.96977880656237,42.3063318004952,0.594192243920156,0.282211738967444,23.7707817474354,26.1,3,0.5288,0.304066666666667,0.325,0.3,0.1,0.15,76.4186666666667
"P02",8,"Sampling","sampling",FALSE,44.176,22.5,65,65,55,0.458,0.524,0.888,0.799,0.333,0.197,0.521,"R7",8.2,50.5,16,0,22.2,40,5,94.61,215.960225948457,14.1280404351415,1.47983449587825,6.29098478987836,19.6153033185373,0.703715042866029,0.363477762165492,57.4085816952019,10.8,2,0.5686,0.294506666666667,0.225,0.35,0.35,0.45,66.6098666666667
"P02",9,"Sampling","sampling",TRUE,42.631,20,70,100,100,0.595,0.671,0.329,0.756,0.46,0.675,0.862,"R1",41.6,53.6,7,0,52.9,20,20,18.67,215.541028431515,16.6523028799928,1.83894646680942,3.97114574822632,21.7344753747323,0.261193730411908,0.0472843535402085,7.49464668094218,57.5,3,0.8761,0.284206666666667,0.2,0.3,0,0,84.3158666666667
"P02",10,"Sampling","sampling",FALSE,54.378,20,75,85,80,0.939,0.952,0.578,0.92,0.412,0.516,0.476,"R2",22.7,54.2,3,0,34.1,20,20,31.31,197.449493189878,20.4308325008025,2.56958620689655,16.9393450571292,30.0127713920817,0.785543930487811,0.0269916271759187,19.4125159642401,65,4,0.5282,0.36252,0.2,0.25,0.15,0.2,76.7496
"P02",11,"Sampling","sampling",TRUE,44.028,22.5,75,90,90,0.195,0.369,0.771,0.665,0.569,0.481,0.46,"R3",26.7,52.8,14,0,40.6,20,25,42.85,318.055794598143,19.3725383961897,2.38931777881475,9.90259095503408,30.8912739150723,0.631964384498647,0.282045795718947,14.9790013999067,49.2,3,0.5138,0.29352,0.225,0.25,0.1,0.1,80.6296
"P02",12,"Sampling","sampling",FALSE,45.519,25,70,85,85,0.562,0.939,0.574,0.762,0.093,0.549,0.033,"R7",18.2,49,11,0,29.8,20,30,57.12,289.743322916048,14.8785483354335,3.25726076303815,9.25915497668562,47.1823591179559,0.647937930602453,0.436671566730758,15.2257612880644,2.4,4,0.4,0.30346,0.25,0.3,0.15,0.15,76.9308
"P02",13,"Sampling","sampling",TRUE,37.952,60,70,80,80,0.257,0.993,0.846,0.004,0.304,0.384,0.71,"R1",41.8,53.6,0,0,50.1,40,80,18.32,212.669528263181,18.0536329205982,1.45759388646288,1.91386838854618,18.8864628820961,0.283689835989735,0.0141776387532802,8.95196506550218,38,2,0.7393,0.253013333333333,0.6,0.3,0.2,0.2,68.9397333333333
"P02",14,"Sampling","sampling",FALSE,44.151,32.5,75,85,85,0.714,0.397,0.93,0.929,0.289,0.762,0.266,"R2",38,54,2,0,53.9,40,25,15.37,162.371948437309,19.7898243681484,1.406755526658,1.77602305398179,21.8465539661899,0.327833137736234,0.0215681187828861,12.8738621586476,44.8,3,0.4,0.29434,0.325,0.25,0.15,0.15,76.6132
"P02",15,"Sampling","sampling",FALSE,54.6,65,70,40,40,0.646,0.799,0.924,0.642,0.175,0.519,0.458,"R3",14.7,52.4,14,0,27.4,60,70,80.26,326.917961019359,17.0436908612988,2.32484475454772,11.1419271504045,29.7283827560429,0.689195497046084,0.366372270806149,36.3070022427112,79.5,4,0.5121,0.364,0.65,0.3,0.6,0.6,49.72
"P02",16,"Optimisation","optimization",TRUE,43.924,35,75,75,70,0.619,0.815,0.413,0.944,0.657,0.677,0.896,"R7",8.8,50.4,9,0,54.5,35,35,70.77,172.768877361112,14.7038558930919,1.28998671941226,5.34766535830095,15.3433173212772,0.489317469335956,0.281121653049896,61.0341904492795,16.2,4,0.9067,0.292826666666667,0.35,0.25,0.25,0.3,71.1434666666667
"P02",17,"Optimisation","optimization",TRUE,37.884,50,60,70,100,0.252,0.47,0.735,0.674,0.47,0.753,0.865,"R1",37.9,53.7,0,0,54.2,40,60,20.23,212.658796245712,21.1528830193563,1.28572529644269,1.78265622883026,16.501976284585,0.37243544714475,0.0165493942831822,17.3913043478261,46.4,4,0.8783,0.25256,0.5,0.4,0.3,0,70.9488
"P02",18,"Optimisation","optimization",FALSE,52.733,12.5,85,80,100,0.254,0.285,0.708,0.721,0.609,0.371,0.326,"R2",13.4,53.7,15,0,26.1,15,10,72.28,268.925382393674,17.5048303991287,1.98070318118949,12.5209448063539,22.3513139695712,0.803780056991629,0.126074134129267,41.0788381742739,77.1,2,0.4,0.351553333333333,0.125,0.15,0.2,0,83.4689333333333
"P02",19,"Optimisation","optimization",TRUE,45.152,0,100,100,100,0.646,0.461,0.279,0.716,0.422,0.823,0.845,"R3",13.6,49.9,10,0,31.4,0,0,77.82,293.333559742278,16.3989916840171,1.9533143150861,6.88757264390297,24.9036237471087,0.636493359955395,0.220223928683777,42.9966589565664,43.8,2,0.8605,0.301013333333333,0,0,0,0,93.9797333333333
"P02",20,"Optimisation","optimization",FALSE,52.931,15,65,100,100,0.257,0.435,0.26,0.743,0.417,0.737,0.904,"R7",9,44.1,8,0,26.5,15,15,73.1,183.730784988236,10.2914086848453,2.38590697674419,4.11607997284441,38.90560875513,0.500618697224257,0.335512155660564,35.5950752393981,23.3,1,0.914,0.352873333333333,0.15,0.35,0,0,82.9425333333333
"P02",21,"Final design","finaldesign",NA,38.678,0,100,100,100,0.646,0.461,0.279,0.716,0.422,0.823,0.845,"R1",25.8,53.5,0,0,63.6,0,0,29.73,212.685445461762,24.3625590043507,1.02764559515804,1.70388808016392,15.4001344989913,0.480320258922931,0.0125389239658157,39.3409549428379,43.1,2,0.8605,0.257853333333333,0,0,0,0,94.8429333333333
"P03",1,"Sampling","sampling",TRUE,37.374,50,90,90,85,0.338,0.998,0.991,0.384,0.643,0.844,0.265,"R1",5.8,38.9,4,0,22.3,25,75,132.06,213.326753203321,10.63432632725,0.98129925791307,2.44048424540044,12.8426472815387,0.325573994985544,0.016439705393833,68.7414811449341,22.1,4,0.4,0.24916,0.5,0.1,0.1,0.15,78.0168
"P03",2,"Sampling","sampling",FALSE,51.805,47.5,60,50,40,0.468,0.4,0.137,0.031,0.87,0.5,0.74,"R2",23.8,50.7,3,0,58.1,70,25,25.26,167.057536583794,19.8493328156863,1.73954077593032,7.46007983608292,21.6152019002375,0.581299365190449,0.0217630781195892,30.166270783848,63.5,3,0.7661,0.345366666666667,0.475,0.4,0.5,0.6,53.5926666666667
"P03",3,"Sampling","sampling",TRUE,34.808,30,80,90,25,0.956,0.026,0.475,0.297,0.443,0.608,0.123,"R3",15.4,47.2,4,0,37.9,40,20,68.39,292.054695606396,17.1400448987551,1.24502894736842,2.69783513364171,12.4269005847953,0.4849578223098,0.195593377031039,38.6549707602339,78.4,3,0.4,0.232053333333333,0.3,0.2,0.1,0.75,68.3589333333333
"P03",4,"Sampling","sampling",FALSE,44.046,40,65,70,60,0.833,0.616,0.433,0.138,0.114,0.732,0.902,"R7",6.2,29.5,13,0,20,40,40,112.56,195.932258337587,7.93991675443256,1.67286054361343,5.81532923298216,23.1124533664949,0.510527095405784,0.244528103998195,41.126310179428,49.5,3,0.9118,0.29364,0.4,0.35,0.3,0.4,65.1272
"P03",5,"Sampling","sampling",TRUE,37.901,10,95,90,100,0.792,0.294,0.343,0.25,0.232,0.806,0.526,"R1",20.5,48.1,1,0,44.9,15,5,37.35,212.920358707594,17.3254641943473,2.0360829764454,3.4756472897693,29.8179871520343,0.407375561413358,0.00913133846270001,27.6231263383298,50.1,2,0.573,0.252673333333333,0.1,0.05,0.1,0,89.9465333333333
"P03",6,"Sampling","sampling",FALSE,58.426,47.5,90,65,90,0.37,0.25,0.997,0.765,0.087,0.179,0.851,"R2",18.7,51.7,1,0,38.3,40,55,34.21,177.245752455928,18.3833314086274,1.95235300993571,12.5387901445791,28.6966686148451,0.584556982852104,0.101943016717842,28.8720046756283,57.4,1,0.8656,0.389506666666667,0.475,0.1,0.35,0.1,71.7098666666667
"P03",7,"Sampling","sampling",TRUE,39.222,25,90,95,90,0.819,0.08,0.623,0.832,0.869,0.923,0.979,"R3",10.2,51.1,3,0,26.2,20,30,100.76,286.560765540664,15.2377248083158,1.46588013494741,3.33970644192171,21.8297281206589,0.45778330575768,0.198400561528655,50.2480650922802,39,4,0.9815,0.26148,0.25,0.1,0.05,0.1,84.7704
"P03",8,"Sampling","sampling",FALSE,38.45,32.5,70,60,55,0.491,0.087,0.916,0.25,0.073,0.511,0.817,"R7",6.8,37.5,7,0,20.4,35,30,103.22,196.597822411043,9.72158662748791,1.43057729562185,3.62705653897234,20.4571871367687,0.462013372136713,0.224034203451911,52.6540100736149,11.6,3,0.8351,0.256333333333333,0.325,0.3,0.4,0.45,65.3733333333333
"P03",9,"Sampling","sampling",TRUE,43.845,55,100,70,45,0.871,0.701,0.284,0.719,0.544,0.259,0.619,"R1",24.1,50.4,2,0,41.4,55,55,31.8,213.092289628262,16.3710640136038,2.72947610062893,4.28307078017676,39.811320754717,0.395282927486564,0.0123436667879515,12.5786163522013,44.4,3,0.6574,0.2923,0.55,0,0.3,0.55,66.154
"P03",10,"Sampling","sampling",FALSE,46.413,50,80,65,45,0.573,0.935,0.355,0.41,0.64,0.787,0.956,"R2",30.9,51.3,1,0,64.1,40,60,18.92,162.389127530641,18.1009012382314,1.72927695560254,2.66011990251051,23.1501057082452,0.380409693996379,0.0205610860147779,16.9133192389006,65.7,4,0.9603,0.30942,0.5,0.2,0.35,0.55,61.8116
"P03",11,"Sampling","sampling",TRUE,36.503,52.5,85,60,45,0.617,0.791,0.468,0.373,0.265,0.126,0.543,"R3",22.1,48.7,4,0,44.5,40,65,45.4,278.592561995555,17.0482964410014,2.07495552619991,3.46184404546796,30.6472919418758,0.409787883660357,0.251958800170693,22.809335094672,48.5,3,0.5885,0.243353333333333,0.525,0.15,0.4,0.55,62.6329333333333
"P03",12,"Sampling","sampling",FALSE,51.499,42.5,75,60,45,0.104,0.583,0.862,0.322,0.92,0.012,0.731,"R7",15.6,38.8,3,0,29.4,40,45,38.08,165.745856321432,10.7310675824556,3.06927296587927,4.06123467415234,57.007874015748,0.428885473651478,0.358464094255568,12.8083989501312,42.1,3,0.7581,0.343326666666667,0.425,0.25,0.4,0.55,60.6334666666667
"P03",13,"Sampling","sampling",FALSE,36.19,32.5,45,45,35,0.167,0.65,0.292,0.536,0.993,0.55,0.037,"R1",25.3,52.3,1,0,50.1,40,25,30.25,212.853117559063,21.0344709533884,1.84459286186385,3.28896258222557,26.6358228684732,0.467850032835401,0.01322803948498,31.72504957039,36.1,3,0.4,0.241266666666667,0.325,0.55,0.55,0.65,53.6746666666667
"P03",14,"Sampling","sampling",TRUE,34.893,27.5,60,55,45,0.858,0.812,0.434,0.463,0.424,0.801,0.266,"R2",30.8,48.9,1,0,69.6,30,25,19.02,162.494851168097,17.422137088688,1.42375945378151,1.97517286212418,19.0126050420168,0.352708486594317,0.0222832076964858,17.5420168067227,83,3,0.4,0.23262,0.275,0.4,0.45,0.55,61.8476
"P03",15,"Sampling","sampling",FALSE,38.208,52.5,75,60,45,0.979,0.658,0.619,0.823,0.348,0.466,0.383,"R3",16.3,49.1,3,0,35.1,40,65,63.35,286.688052350732,17.5267335734309,1.83355113636364,4.72760929511743,27.1780303030303,0.504296248584831,0.215441216316865,40.3724747474747,37.7,4,0.4451,0.25472,0.525,0.25,0.4,0.55,60.4056
"P03",16,"Optimisation","optimization",FALSE,44.216,17.5,55,55,85,0.883,0.274,0.281,0.483,0.082,0.904,0.554,"R7",13,42.8,6,0,27.7,25,10,49.31,178.62011986619,12.343082861051,2.69263909164639,5.4902175103895,48.2968369829684,0.505911493884126,0.332825944112667,22.7493917274939,14.5,2,0.5983,0.294773333333333,0.175,0.45,0.45,0.15,69.6045333333333
"P03",17,"Optimisation","optimization",TRUE,32.546,57.5,55,45,35,0.419,0.328,0.196,0.255,0.268,0.784,0.315,"R1",18.6,52.4,2,0,44.1,55,60,41.66,215.20133089334,19.6788088050504,1.79871051368219,3.61373304554429,24.7719635141623,0.516675083108836,0.0145248939835235,35.2376380220835,21.8,1,0.4,0.216973333333333,0.575,0.45,0.55,0.65,51.1605333333333
"P03",18,"Optimisation","optimization",FALSE,42.033,32.5,80,70,65,0.795,0.211,0.395,0.738,0.707,0.87,0.435,"R2",32.7,52.8,0,0,63.9,25,40,17.9,162.225218833403,19.1111953886788,1.25979553072626,1.60258824501149,15.5307262569832,0.351666984772414,0.0115749828601564,16.6480446927374,45.9,3,0.4912,0.28022,0.325,0.2,0.3,0.35,70.8956
"P03",19,"Optimisation","optimization",FALSE,42.073,12.5,80,85,85,0.775,0.247,0.399,0.183,0.103,0.86,0.452,"R3",14.6,47,5,0,29.4,10,15,67.68,274.201888211231,14.4913461923022,2.25018345642541,3.57680784694049,38.5228951255539,0.434673550417033,0.0770967757196667,31.7872968980798,57.2,2,0.5072,0.280486666666667,0.125,0.2,0.15,0.15,81.8902666666667
"P03",20,"Optimisation","optimization",FALSE,48.667,15,90,90,90,0.841,0.127,0.457,0.252,0.453,0.847,0.53,"R7",12.5,38.2,0,0,27.8,15,15,45.59,158.872943827042,11.580495962547,2.4208350877193,5.80299383560618,42.8947368421053,0.422735405918056,0.15011056716481,29.6929824561403,37,2,0.5774,0.324446666666667,0.15,0.1,0.1,0.1,84.5110666666667
"P03",21,"Final design","finaldesign",NA,44.105,7.5,85,90,90,0.792,0.294,0.343,0.25,0.232,0.806,0.526,"R1",18.7,50,1,0,56,5,10,40.98,213.291466317606,20.0064469867753,1.67531658536585,3.02449458251627,26.3414634146341,0.459491603208414,0.00570469638183847,39.9512195121951,64.5,2,0.5734,0.294033333333333,0.075,0.15,0.1,0.1,85.6193333333333
"P04",1,"Sampling","sampling",FALSE,33.618,32.5,15,55,80,0.451,0.192,0.01,0.088,0.438,0.035,0.789,"R1",7.5,39.9,1,0,54.4,50,15,102.76,213.685734986916,11.0600014076938,1.10174017127287,2.42780158567285,12.3588945114831,0.31504517125524,0.0170648232936346,58.3300895289996,48.5,0,0.8097,0.22412,0.325,0.85,0.45,0.2,59.0176
"P04",2,"Sampling","sampling",FALSE,38.514,25,60,60,75,0.394,0.912,0.563,0.039,0.725,0.12,0.91,"R2",21.3,45.6,0,0,62.6,35,15,27.41,162.290089567062,17.360097494028,1.3338519328957,2.2542927264263,10.7221006564551,0.317085692468205,0.00747590769799904,25.674690007294,86.7,3,0.9193,0.25676,0.25,0.4,0.4,0.25,68.8648
"P04",3,"Sampling","sampling",FALSE,27.15,30,50,60,45,0.656,0.965,0.261,0.491,0.974,0.485,0.017,"R3",15.3,39.2,6,0,46.6,20,40,68.09,289.843956247559,13.3017385928111,1.15754713656388,4.31808886380607,6.31424375917768,0.366321192469519,0.0662715730800935,26.431718061674,74.7,4,0.4,0.181,0.3,0.5,0.4,0.55,61.38
"P04",4,"Sampling","sampling",TRUE,20.876,10,55,45,90,0.597,0.084,0.108,0.751,0.396,0.888,0.177,"R7",11.4,26.8,2,0,40,10,10,50.45,160.489046260268,8.62962668766089,0.849746333729687,1.69979729911058,2.17994451050337,0.214326406629057,0.120900168382422,27.3087594133967,60.8,2,0.4,0.139173333333333,0.1,0.45,0.55,0.1,73.2165333333333
"P04",5,"Sampling","sampling",FALSE,29.8,22.5,65,65,60,0.283,0.208,0.184,0.387,0.881,0.84,0.25,"R1",17.1,39.5,2,0,45.9,30,15,44.87,213.334430755624,14.2350041870783,1.63261764705882,2.86514006503578,10.8288770053476,0.314595178903172,0.0169110809749577,22.8163992869875,53.2,2,0.4,0.198666666666667,0.225,0.35,0.35,0.4,69.5266666666667
"P04",6,"Sampling","sampling",FALSE,26.865,10,90,90,85,0.494,0.687,0.919,0.844,0.565,0.821,0.573,"R2",24.2,38.2,0,0,68.1,10,10,24.15,162.43066994074,13.6747006450656,0.819166390728477,1.14418391877988,3.47682119205298,0.2054645896835,0.00858609954299438,15.6456953642384,86.9,5,0.6157,0.1791,0.1,0.1,0.1,0.15,87.418
"P04",7,"Sampling","sampling",FALSE,25.413,30,65,40,60,0.473,0.583,0.388,0.52,0.038,0.02,0.076,"R3",18.6,38.1,3,0,45.5,30,30,51.59,267.145938708397,12.5579815742479,1.56936666666667,2.65080882771712,9.76744186046512,0.245739646548288,0.0563967664594315,11.9767441860465,45.9,2,0.4,0.16942,0.3,0.35,0.6,0.4,63.6116
"P04",8,"Sampling","sampling",TRUE,25.837,7.5,95,95,95,0.441,0.342,0.63,0.957,0.303,0.969,0.384,"R7",13.7,33.5,3,0,42.2,10,5,42.58,161.683741440423,9.22170127153156,1.36378779342723,2.42044859945516,5.72769953051643,0.210551001396047,0.126568835613872,13.5680751173709,45.2,2,0.4459,0.172246666666667,0.075,0.05,0.05,0.05,92.0550666666667
"P04",9,"Sampling","sampling",FALSE,26.079,55,40,30,20,0.815,0.663,0.329,0.81,0.568,0.668,0.811,"R1",22.1,39.8,1,0,53.1,55,55,34.77,212.945309631342,13.5470480648336,1.53362507188039,2.49998912299785,8.62564692351926,0.270910002962081,0.00539550513396682,14.0310523289247,52.6,4,0.8296,0.17386,0.55,0.6,0.7,0.8,43.5228
"P04",10,"Sampling","sampling",FALSE,29.25,12.5,95,90,90,0.785,0.404,0.574,0.348,0.758,0.38,0.655,"R2",28.6,40.8,1,0,70.2,10,15,20.47,162.690463734894,14.1674576306742,0.96119921875,1.25236772251053,4.19921875,0.192044890524667,0.00792426169157413,10.9375,89.3,3,0.6896,0.195,0.125,0.05,0.1,0.1,88.6
"P04",11,"Sampling","sampling",FALSE,26.531,15,85,80,45,0.797,0.838,0.679,0.894,0.355,0.995,0.07,"R3",17.8,43.2,0,0,48.7,10,20,56.04,276.578233836405,14.7867801262483,1.05312236889047,1.77360682480863,3.85301462718516,0.263620642429545,0.066210527730124,18.6585800927578,82.6,4,0.4,0.176873333333333,0.15,0.15,0.2,0.55,75.4625333333333
"P04",12,"Sampling","sampling",FALSE,31.403,7.5,90,95,95,0.166,0.195,0.978,0.23,0.415,0.339,0.828,"R7",8.4,33.7,3,0,25.4,10,5,77.93,181.624413847724,8.95201443077652,1.42626379266102,3.13934325128397,14.5239928149859,0.426111306961007,0.0997142520066506,35.4118552732871,40.3,1,0.8448,0.209353333333333,0.075,0.1,0.05,0.05,90.3129333333333
"P04",13,"Sampling","sampling",FALSE,36.572,10,65,70,95,0.202,0.898,0.237,0.015,0.509,0.531,0.637,"R1",34.9,52.9,0,0,65.9,15,5,21.94,212.475548763953,19.1312264030233,1.1431693989071,1.51952875774609,13.2058287795993,0.323263651241403,0.00391308733507098,15.5737704918033,47.9,3,0.673,0.243813333333333,0.1,0.35,0.3,0.05,79.1237333333333
"P04",14,"Sampling","sampling",FALSE,40.369,27.5,75,70,55,0.593,0.911,0.104,0.847,0.143,0.203,0.374,"R2",38.1,51.1,3,0,60.7,15,40,15.38,162.756843353952,16.6286006740478,1.38353896103896,1.68795134618596,20.1298701298701,0.203039320409981,0.00802590043360147,6.88311688311688,59.7,2,0.4369,0.269126666666667,0.275,0.25,0.3,0.45,69.1174666666667
"P04",15,"Sampling","sampling",FALSE,29.44,20,60,55,70,0.255,0.237,0.274,0.264,0.45,0.685,0.23,"R3",26.1,44.6,1,0,53.4,10,30,38.28,277.630134751221,14.7515088409211,1.68416666666667,2.72084116773895,9.29989550679206,0.257412779856938,0.0676685329301099,7.1055381400209,77.9,1,0.4,0.196266666666667,0.2,0.4,0.45,0.3,69.0746666666667
"P04",16,"Optimisation","optimization",TRUE,24.675,7.5,95,95,90,0.489,0.143,0.681,0.838,0.669,0.901,0.572,"R7",5,35.4,2,0,68.3,10,5,118.7,165.318360561541,9.1845940582973,0.411824768323505,1.11956639172505,3.30244313395114,0.247757089260107,0.0694635920136903,72.4852569502949,24.5,4,0.6151,0.1645,0.075,0.05,0.05,0.1,91.21
"P04",17,"Optimisation","optimization",FALSE,27.226,7.5,95,95,90,0.811,0.161,0.639,0.231,0.291,0.442,0.476,"R1",14.2,39.3,0,0,52.5,5,10,54,212.862616707397,13.1568105040881,1.34915814814815,2.47185806681057,7.85185185185185,0.284627463530901,0.00376351962592871,25.1481481481481,34.8,2,0.5282,0.181506666666667,0.075,0.05,0.05,0.1,90.8698666666667
"P04",18,"Optimisation","optimization",TRUE,22.922,7.5,90,95,95,0.122,0.382,0.865,0.075,0.101,0.441,0.912,"R2",5.4,33.4,1,0,88.1,10,5,107.99,162.273171668816,11.6685063642542,0.190899444444444,0.630003113659005,1.77777777777778,0.222041102676219,0.00474667332392664,81.2407407407407,76.2,1,0.9212,0.152813333333333,0.075,0.1,0.05,0.05,91.4437333333333
"P04",19,"Optimisation","optimization",FALSE,22.91,7.5,95,85,85,0.489,0.295,0.837,0.848,0.36,1,0,"R3",21.6,34.5,3,0,54.2,10,5,46.52,278.912601164594,10.4629530699523,1.15222346368715,1.88426649158239,5.41469703480877,0.19931160495186,0.0917541662610589,7.82122905027933,77.7,3,0.4,0.152733333333333,0.075,0.05,0.15,0.15,88.4453333333333
"P04",20,"Optimisation","optimization",TRUE,16.607,7.5,95,90,85,0.441,0.263,0.639,1,1,0.398,0,"R7",11,30.7,0,0,66.4,5,10,52.65,161.481438514253,10.5321671057876,0.427579946828712,0.849109207919786,0.98746676794531,0.243252578184486,0.105242761036685,43.3345993163692,45.5,2,0.4,0.110713333333333,0.075,0.05,0.1,0.15,90.2857333333333
"P04",21,"Final design","finaldesign",NA,22.432,2.5,100,95,95,0.441,0.263,0.639,1,1,0.398,0,"R1",9.1,37.6,1,0,87.1,5,0,84.56,212.879703157978,15.0936713960135,0.26345897375266,0.652470427969866,0.520217545519035,0.268791980019191,0.00410451971932397,70.9151099550721,78.8,2,0.4,0.149546666666667,0.025,0,0.05,0.05,94.5090666666667
"P05",1,"Sampling","sampling",TRUE,27.576,22.5,70,75,80,0.231,0.909,0.803,0.73,0.417,0.314,0.647,"R1",24.8,41.3,1,0,77.1,25,20,30.89,212.98917748232,18.0129249139872,0.875429773462783,1.37659732187822,8.09061488673139,0.296484745339212,0.00485697651178778,29.126213592233,84.4,2,0.6823,0.18384,0.225,0.3,0.25,0.2,76.8232
"P05",2,"Sampling","sampling",FALSE,45.74,50,20,25,75,0.657,0.361,0.443,0.805,0.263,0.348,0.151,"R2",17.5,52.6,1,0,38.2,90,10,33.63,162.987559468572,20.613073565189,1.38625089179548,2.78235612753956,21.5219976218787,0.49716710131896,0.00623429249540444,50.8323424494649,82.3,1,0.4,0.304933333333333,0.5,0.8,0.75,0.25,47.9013333333333
"P05",3,"Sampling","sampling",TRUE,26.5,25,80,80,65,0.824,0.026,0.801,0.274,0.938,0.436,0.87,"R3",18.2,42,1,0,42.3,25,25,54.84,277.033439507739,17.134657104504,1.32074945295405,2.9728292581001,16.8854850474107,0.398901903844957,0.0695261489086276,39.7884755652808,25.2,3,0.8826,0.176666666666667,0.25,0.2,0.2,0.35,76.4666666666667
"P05",4,"Sampling","sampling",FALSE,35.66,35,30,30,30,0.846,0.687,0.765,0.421,0.789,0.475,0.4,"R7",13.1,40.5,2,0,31.5,10,60,44.41,161.331255738218,12.4898263158942,1.82321791985592,3.36387367448047,20.3061683926159,0.379778764363194,0.124077096380607,36.1098604232328,19.1,5,0.4597,0.237733333333333,0.35,0.7,0.7,0.7,46.2453333333333
"P05",5,"Sampling","sampling",FALSE,27.707,47.5,80,65,35,0.649,0.58,0.74,0.822,0.594,0.843,0.743,"R1",5.8,44.8,0,0,80.1,30,65,132.4,213.147983717565,12.9666838561634,0.437144086995922,1.35522699071598,6.22262498112068,0.275676537993655,0.00302114039781818,76.9672254946383,75.5,5,0.7688,0.184713333333333,0.475,0.2,0.35,0.65,62.8057333333333
"P05",6,"Sampling","sampling",TRUE,26.619,25,75,80,80,0.162,0.809,0.358,0.595,0.943,0.371,0.625,"R2",30.1,41.6,2,0,70.6,25,25,19.45,162.553726838072,13.284363649907,1.29435354573484,4.76203455973384,14.5940390544707,0.252496609374195,0.00950010690357163,10.7913669064748,64.3,2,0.6629,0.17746,0.25,0.25,0.2,0.2,78.4508
"P05",7,"Sampling","sampling",FALSE,30.492,77.5,65,35,20,0.779,0.691,0.177,0.997,0.487,0.44,0.15,"R3",30,44.1,5,0,58.7,65,90,33.82,281.379492902887,13.0457438673084,2.01607569485512,4.73233363428532,24.1277350680071,0.258979584636857,0.0770929444083532,5.38143110585452,78.1,3,0.4,0.20328,0.775,0.35,0.65,0.8,44.4344
"P05",8,"Sampling","sampling",FALSE,26.632,25,70,80,80,0.576,0.306,0.386,0.266,0.144,0.987,0.837,"R7",22.8,38.1,4,0,55.4,25,25,24.85,157.598879985811,11.9791972374969,1.41054223652454,2.42196949358526,6.83829444891392,0.255313262655104,0.119316536136821,10.7803700724055,58.3,2,0.8533,0.177546666666667,0.25,0.3,0.2,0.2,77.4490666666667
"P05",9,"Sampling","sampling",TRUE,26.349,55,70,90,70,0.665,0.145,0.979,0.34,0.481,0.12,0.635,"R1",6.3,42.7,2,0,78.6,75,35,121.7,212.575748801416,14.1329225764741,0.241151166611896,0.799812271392886,2.76043378245153,0.258294327619912,0.00266336768427952,81.9093000328623,82.8,3,0.6717,0.17566,0.55,0.3,0.1,0.3,71.4868
"P05",10,"Sampling","sampling",TRUE,35.457,15,90,90,90,0.554,0.143,0.921,0.528,0.551,0.867,0.713,"R2",19.8,40.7,2,0,46.2,15,15,29.56,162.647908768882,16.1359789664692,1.43853211629479,2.56214477640709,13.7931034482759,0.337136550071838,0.0307897663067848,27.9242731575389,88.7,4,0.7416,0.23638,0.15,0.1,0.1,0.1,86.2724
"P05",11,"Sampling","sampling",FALSE,33.286,67.5,30,50,35,0.462,0.87,0.683,0.276,0.447,0.459,0.779,"R3",20.1,44.2,7,0,44.1,65,70,52.32,292.926303650673,16.4243793641273,1.89221551394727,8.69231204117404,18.3798242262132,0.518688452787733,0.0606717219033211,20.2904088651127,41.4,3,0.801,0.221906666666667,0.675,0.7,0.5,0.65,45.0618666666667
"P05",12,"Sampling","sampling",FALSE,38.044,40,65,65,65,0.845,0.65,0.313,0.918,0.849,0.973,0.262,"R7",6.4,42.2,4,0,27.3,40,40,95.24,169.194431583493,10.1154874012767,0.968082738345233,6.92909647354389,8.54682906341873,0.313155117850936,0.0534176551814431,55.2078958420832,35.6,4,0.4,0.253626666666667,0.4,0.35,0.35,0.35,65.9274666666667
"P05",13,"Sampling","sampling",FALSE,36.201,30,75,65,75,0.085,0.077,0.63,0.714,0.149,0.176,0.095,"R1",28.8,46.7,5,0,63.1,25,35,26.64,213.151646210085,15.2565360384293,1.7118018018018,11.1595002846163,14.8648648648649,0.242872657255387,0.00811076397331184,8.78378378378378,83.4,1,0.4,0.24134,0.3,0.25,0.35,0.25,72.1732
"P05",14,"Sampling","sampling",FALSE,34.827,70,30,35,30,0.892,0.773,0.964,0.152,0.699,0.118,0.357,"R2",30.6,45.5,3,0,70.7,70,70,19.09,162.117579315361,17.7999242690307,1.14209738219895,1.43689441575395,7.22513089005236,0.259814204409402,0.00651171635336186,14.1361256544503,89,4,0.421,0.23218,0.7,0.7,0.65,0.7,40.3564
"P05",15,"Sampling","sampling",TRUE,29.821,17.5,40,65,75,0.295,0.185,0.272,0.391,0.492,0.299,0.819,"R3",22.5,45.6,6,0,75.7,25,10,44.38,276.32572184874,18.0366820947053,0.98295132942767,6.90979308372396,6.98512843623254,0.35148625064702,0.0444539383014792,32.4470482199189,86.2,1,0.837,0.198806666666667,0.175,0.6,0.35,0.25,68.5238666666667
"P05",16,"Optimisation","optimization",FALSE,47.8,27.5,75,80,80,0.629,0.051,0.582,0.424,0.673,0.709,0.751,"R7",3.8,46.9,9,0,35.3,25,30,195.36,209.425562635292,8.68833000800311,0.793585628006961,5.87237655245535,9.50967345685331,0.387412146127605,0.0737308795357394,73.0064489712355,31,4,0.7754,0.318666666666667,0.275,0.25,0.2,0.2,75.1266666666667
"P05",17,"Optimisation","optimization",TRUE,25,52.5,70,40,35,0.663,0.175,1,0.485,0.337,1,0.828,"R1",23,51.9,4,0,77.3,35,70,33.53,213.806970823965,20.2736005955181,1.04048837209302,4.15969639595357,12.8205128205128,0.408678950967176,0.00245948349852775,39.4156231365534,30.8,3,0.8452,0.166666666666667,0.525,0.3,0.6,0.65,55.1666666666667
"P05",18,"Optimisation","optimization",FALSE,33.686,67.5,65,55,30,0.566,0.048,0.82,0.577,0.574,0.627,0.664,"R2",21.9,42.1,4,0,77.3,65,70,26.62,162.016245702828,18.5076289017321,0.961471471471471,4.55982142666246,11.1861861861862,0.355164516837404,0.00661756151803767,36.7117117117117,91.2,4,0.6973,0.224573333333333,0.675,0.35,0.45,0.7,52.0085333333333
"P05",19,"Optimisation","optimization",FALSE,44.709,40,80,80,75,0.537,0.221,0.659,0.527,0.954,0.893,0.798,"R3",8.6,50.3,14,0,27.5,40,40,129.98,311.362641968829,14.3870358127406,1.28575092307692,5.82886304007036,18.0769230769231,0.538218276963652,0.0624638890033835,61.8461538461539,62.9,4,0.8182,0.29806,0.4,0.2,0.2,0.25,73.0388
"P05",20,"Optimisation","optimization",FALSE,61.112,22.5,85,85,85,0.522,0.039,1,0.527,0.453,0.88,0.609,"R7",9.7,40.9,10,0,14.8,25,20,71.47,193.266002714387,10.7007644656372,2.89110548405148,12.6002129442922,41.5221040850588,0.628362201033249,0.105748039667224,34.1634023503078,36.1,3,0.648,0.407413333333333,0.225,0.15,0.15,0.15,78.3517333333333
"P05",21,"Final design","finaldesign",NA,37.126,10,95,95,95,0.554,0.143,0.921,0.528,0.551,0.867,0.713,"R1",44.2,53.5,0,0,47.7,10,10,17.31,212.481133542901,15.6851232639314,1.46694457274827,1.86921680078689,20.2078521939954,0.199297572038131,0.00403486719144672,4.15704387990762,50.6,4,0.7417,0.247506666666667,0.1,0.05,0.05,0.05,90.0498666666667
"P06",1,"Sampling","sampling",FALSE,39.932,40,40,40,40,0.806,0.713,0.827,0.371,0.392,0.546,0.36,"R1",27.8,54,0,0,70.1,40,40,27.5,212.567053006559,24.7430244179144,1.07303709090909,1.72820013818889,15.4181818181818,0.483111352875806,0.00645201339961614,39.6363636363636,63.1,4,0.4239,0.266213333333333,0.4,0.6,0.6,0.6,50.6757333333333
"P06",2,"Sampling","sampling",FALSE,44.397,50,50,50,55,0.972,0.347,0.21,0.814,0.995,0.246,0.052,"R2",40.9,54.2,0,0,56.1,50,50,14.29,162.188847508901,17.4948263274673,1.53875244755245,1.8363794504544,23.0769230769231,0.221317919554064,0.00736152718037341,6.71328671328671,56.5,2,0.4,0.29598,0.5,0.5,0.5,0.45,55.0804
"P06",3,"Sampling","sampling",FALSE,37.475,60,60,55,60,0.509,0.86,0.591,0.189,0.124,0.109,0.223,"R3",24.1,52.9,5,0,43.2,60,60,41.74,279.642124557549,20.9706143598596,1.54706082375479,3.28950695022985,17.2892720306513,0.480796933493706,0.218529330101479,25.7183908045977,63.3,3,0.4,0.249833333333333,0.6,0.4,0.45,0.4,58.0033333333333
"P06",4,"Sampling","sampling",FALSE,37.167,62.5,65,60,60,0.974,0.772,0.281,0.788,0.617,0.51,0.2,"R7",20.4,42.2,4,0,43.5,60,65,28.14,159.401611711197,10.8784992314941,1.90982302771855,2.76821628091035,15.4939587775409,0.290011147789001,0.152071117148502,6.75195451314854,52.8,4,0.4,0.24778,0.625,0.35,0.4,0.4,59.5444
"P06",5,"Sampling","sampling",FALSE,43.663,55,55,60,55,0.115,0.682,0.649,0.441,0.43,0.412,0.525,"R1",34,52.8,0,0,59.3,60,50,22.49,212.608917975328,18.150901820134,1.91211555555556,2.97319929115751,24.0888888888889,0.329242301594664,0.0076089477202339,10.3111111111111,61.2,2,0.5729,0.291086666666667,0.55,0.45,0.4,0.45,57.1782666666667
"P06",6,"Sampling","sampling",FALSE,44.456,50,50,50,55,0.45,0.004,0.948,0.161,0.71,0.466,0.397,"R2",39,54.3,0,0,57.6,50,50,15,162.15414036356,19.108563285868,1.46265733333333,1.79133888865806,21.6,0.290359776828679,0.00881290472657149,10.5333333333333,56.3,3,0.4571,0.296373333333333,0.5,0.5,0.5,0.45,55.0725333333333
"P06",7,"Sampling","sampling",FALSE,40.441,62.5,60,60,55,0.623,0.229,0.642,0.862,0.553,0.693,0.741,"R3",19.5,53.5,3,0,39.5,60,65,51.16,277.374528411277,20.9356507587892,1.58208753419304,3.32846611548219,22.547870261821,0.425648945792989,0.079555690515723,33.0597889800703,62.4,4,0.767,0.269606666666667,0.625,0.4,0.4,0.45,57.1078666666667
"P06",8,"Sampling","sampling",FALSE,39.167,45,60,55,60,0.345,0.703,0.917,0.687,0.4,0.094,0.64,"R7",22.4,43.4,2,0,40.6,45,45,25.38,157.738982324137,11.2003111982501,2.69666666666667,4.02954089561306,37.5098502758077,0.316846374785506,0.117285991844445,4.9645390070922,51.1,2,0.6758,0.261113333333333,0.45,0.4,0.45,0.4,60.7777333333333
"P06",9,"Sampling","sampling",FALSE,32.834,32.5,60,65,60,0.124,0.133,0.617,0.733,0.773,0.765,0.626,"R1",39.9,53.4,0,0,54.5,35,30,19.19,212.683289449991,16.9163122122691,1.93268958333333,3.39213181536751,25.1041666666667,0.271939601602147,0.00598558690591595,5.20833333333333,44.9,3,0.6632,0.218893333333333,0.325,0.4,0.35,0.4,66.1221333333333
"P06",10,"Sampling","sampling",FALSE,43.907,37.5,65,60,65,0.848,0.921,0.1,0.679,0.849,0.205,0.864,"R2",42.3,54.3,0,0,54,40,35,13.81,162.091413894932,16.1144789179677,1.54058176555716,1.83246016854189,22.575976845152,0.135207401974486,0.00782189694202369,3.03907380607815,56.1,3,0.8778,0.292713333333333,0.375,0.35,0.4,0.35,64.6457333333333
"P06",11,"Sampling","sampling",FALSE,33.198,40,60,65,60,0.183,0.003,0.239,0.792,0.913,0.497,0.389,"R3",19.5,50,1,0,41.3,40,40,52.19,283.003444686249,16.7628390617563,1.98658965517241,3.30694996929545,24.2145593869732,0.437751577993947,0.0968965631954632,16.6666666666667,18.9,2,0.4501,0.22132,0.4,0.4,0.35,0.4,64.5736
"P06",12,"Sampling","sampling",FALSE,33.578,32.5,65,70,65,0.077,0.546,0.922,0.559,0.982,0.214,0.881,"R7",11.9,43.2,2,0,35.9,30,35,47.47,157.453652592618,11.4740881576122,1.28563942712721,2.23143746263735,9.4776748104465,0.274299039875897,0.203371757449332,24.4734625105307,42.4,3,0.893,0.223853333333333,0.325,0.35,0.3,0.35,69.0229333333333
"P06",13,"Sampling","sampling",FALSE,36.702,22.5,70,70,75,0.43,0.202,0.959,0.196,0.289,0.2,0.23,"R1",33.6,46.5,1,0,70.7,20,25,22.8,212.504343925477,12.9286011867785,1.62411042944785,2.62643753518871,16.3014899211218,0.190429158611456,0.00713333159456731,4.64504820333041,95.5,1,0.4,0.24468,0.225,0.3,0.3,0.25,73.6064
"P06",14,"Sampling","sampling",FALSE,40.784,30,70,70,70,0.589,0.596,0.523,0.015,0.183,0.895,0.439,"R2",36.2,52.4,0,0,62.2,40,20,16.15,162.200568491355,17.0871629966274,1.24149876237624,1.37557318357091,10.519801980198,0.20390890951979,0.00852430041683923,5.94059405940594,63.4,4,0.4949,0.271893333333333,0.3,0.3,0.3,0.3,70.5621333333333
"P06",15,"Sampling","sampling",FALSE,38.486,32.5,80,65,80,0.836,0.304,0.56,0.725,0.974,0.445,0.337,"R3",18.7,51.5,0,0,35.1,25,40,52.92,275.594912710528,19.8978590425727,1.47673015873016,2.55373614435467,18.6318972033258,0.373380956232596,0.102158341743609,33.2199546485261,68.9,3,0.4038,0.256573333333333,0.325,0.2,0.35,0.2,73.3685333333333
"P06",16,"Optimisation","optimization",TRUE,29.864,17.5,75,65,80,0.255,0.288,0.573,0.789,0.888,0.43,0.48,"R7",17.3,36.1,1,0,48.5,15,20,33.02,158.598155529285,10.3036952335733,1.43425605326877,2.3905201757318,7.02179176755448,0.244023824388782,0.134301484548184,11.0169491525424,44.4,2,0.5319,0.199093333333333,0.175,0.25,0.35,0.2,76.5181333333333
"P06",17,"Optimisation","optimization",TRUE,36.196,10,85,75,85,0.156,0.53,0.574,0.926,0.873,0.426,0.148,"R1",36.7,50.1,0,0,69.9,10,10,20.86,212.553352264066,16.1624036748485,1.62523275862069,7.74477775446965,16.2835249042146,0.209974501148681,0.00446679976451657,6.22605363984674,76.6,3,0.4,0.241306666666667,0.1,0.15,0.25,0.15,82.1738666666667
"P06",18,"Optimisation","optimization",FALSE,38.903,37.5,60,60,60,0.735,0.573,0.534,1,0.857,0.414,0.094,"R2",34,49.7,0,0,71.8,35,40,17.17,162.248189253843,16.2549985578169,1.24122235157159,1.451544294282,12.4563445867288,0.206818631906393,0.0104546572434254,8.38183934807916,78.9,4,0.4,0.259353333333333,0.375,0.4,0.4,0.4,63.3129333333333
"P06",19,"Optimisation","optimization",FALSE,36.558,30,70,65,80,0.043,0.566,0.615,0.887,0.906,0.434,0.31,"R3",19.7,51.3,7,0,50.6,30,30,51.58,282.848742202089,18.4859613320687,1.42275920899573,3.85902309776685,14.0752229546336,0.498764127000721,0.148077530833481,24.6607212097712,66.1,3,0.4,0.24372,0.3,0.3,0.35,0.2,72.1256
"P06",20,"Optimisation","optimization",TRUE,32.479,15,80,70,85,0.2,0.498,0.564,0.839,0.857,0.396,0.137,"R7",13.6,39.3,4,0,35.4,15,15,43.25,163.618836792061,13.1452927466133,1.26637494220989,2.59182555760024,7.99815071659732,0.305188760212367,0.115507302763868,37.8640776699029,65.1,3,0.4,0.216526666666667,0.15,0.2,0.3,0.15,79.6694666666667
"P06",21,"Final design","finaldesign",NA,34.885,7.5,95,80,95,0.2,0.498,0.564,0.839,0.857,0.396,0.137,"R1",32.8,51.4,0,0,72.6,5,10,23.35,212.718056721226,19.3533511855325,1.05639897260274,1.32889758170629,6.59246575342466,0.291116686712734,0.00834125440820605,13.1849315068493,67.7,3,0.4,0.232566666666667,0.075,0.05,0.2,0.05,87.8486666666667
"P07",1,"Sampling","sampling",TRUE,27.084,22.5,70,90,80,0.165,0.558,0.369,0.165,0.508,0.198,0.242,"R1",16.5,46.6,3,0,86.8,25,20,46.6,212.84309463224,18.2118907300182,0.618005577005577,1.44132928807472,7.67910767910768,0.346694598865438,0.000772819260969307,52.8957528957529,85.9,2,0.4,0.18056,0.225,0.3,0.1,0.2,79.8888
"P07",2,"Sampling","sampling",FALSE,29.465,27.5,65,75,75,0.759,0.521,0.632,0.814,0.965,0.768,0.706,"R2",17.3,36.1,3,0,72.6,25,30,33.95,162.700854986411,14.1585263035722,0.799676089517079,4.97905182320481,3.00353356890459,0.272079391972169,0.00552276116210019,34.0400471142521,87.8,5,0.7353,0.196433333333333,0.275,0.35,0.25,0.25,73.5713333333333
"P07",3,"Sampling","sampling",FALSE,32.563,30,75,70,80,0.913,0.936,0.884,0.649,0.327,0.146,0.88,"R3",10.8,44.4,8,0,34.2,30,30,104.59,313.944309824106,12.6553499257478,1.55600841300191,3.76124333507809,18.3938814531549,0.56582316908608,0.069521960939507,36.8642447418738,30.7,3,0.8916,0.217086666666667,0.3,0.25,0.3,0.2,74.6582666666667
"P07",4,"Sampling","sampling",FALSE,44.089,30,75,80,80,0.968,0.226,0.072,0.201,0.869,0.389,0.46,"R7",11,44.7,11,0,27,25,35,64.44,198.119606641196,11.5018732794719,2.39731191806331,7.49891971032916,36.6232153941651,0.618473959819265,0.0713015814898661,25.1086281812539,8.8,2,0.5144,0.293926666666667,0.3,0.25,0.2,0.2,75.1214666666667
"P07",5,"Sampling","sampling",FALSE,35.801,27.5,80,80,80,0.054,0.088,0.004,0.204,0.044,0.401,0.779,"R1",22.1,41.9,3,0,57.5,25,30,35.33,217.386539866544,17.3359218403883,1.64529202037351,4.87243518442501,20.8828522920204,0.493870607513004,0.000750364460496572,24.2218449349179,96.8,0,0.8011,0.238673333333333,0.275,0.2,0.2,0.2,77.7265333333333
"P07",6,"Sampling","sampling",FALSE,31.293,27.5,65,75,65,0.902,0.524,0.612,0.009,0.345,0.321,0.024,"R2",30.7,42.8,1,0,75.8,25,30,19.03,162.200373540489,14.1816026522057,1.06287394957983,1.36928826969331,8.71848739495798,0.168094042102718,0.00771994057788876,8.19327731092437,98.8,3,0.4,0.20862,0.275,0.35,0.25,0.35,71.3276
"P07",7,"Sampling","sampling",FALSE,26.908,30,70,75,75,0.829,0.46,0.633,0.679,0.712,0.212,0.134,"R3",17.5,42.9,9,0,50.6,30,30,64.62,314.79338873105,14.6112353078231,1.39309993811881,5.30615832974651,7.98267326732673,0.530774690048945,0.0333589699809226,12.9641089108911,86.2,3,0.4,0.179386666666667,0.3,0.3,0.25,0.25,74.4122666666667
"P07",8,"Sampling","sampling",TRUE,17.327,32.5,75,85,80,0.78,0.903,0.231,0.235,0.205,0.827,0.001,"R7",18.8,27.7,9,0,54.5,35,30,30.41,158.998282581091,7.4954804980841,0.936989480604865,2.02499425979132,4.07626561472715,0.130237861564122,0.0916147479971974,7.23208415516108,27.3,3,0.4,0.115513333333333,0.325,0.25,0.15,0.2,79.1897333333333
"P07",9,"Sampling","sampling",TRUE,16.327,27.5,75,80,80,0.451,0.383,0.712,0.826,0.826,0.907,0.786,"R1",23.2,31.2,3,0,67.2,30,25,32.98,212.968394661368,9.88639897301807,0.673833939393939,1.12835786479629,1.15151515151515,0.115340274278214,0.0048769371400709,7.15151515151515,68.4,3,0.8078,0.108846666666667,0.275,0.25,0.2,0.2,79.3230666666667
"P07",10,"Sampling","sampling",FALSE,20.133,27.5,70,80,75,0.723,0.603,0.933,0.197,0.416,0.475,0.334,"R2",23,30.5,2,0,67.5,25,30,25.42,162.519657001182,10.1161708438641,0.744833333333333,1.21654309082063,2.12264150943396,0.0885168511050345,0.00616723011356208,8.25471698113208,76.4,4,0.4003,0.13422,0.275,0.3,0.2,0.25,76.8156
"P07",11,"Sampling","sampling",TRUE,15.994,27.5,80,75,80,0.599,0.817,0.315,0.914,0.606,0.169,0.812,"R3",18.3,28.1,4,0,55.7,25,30,54.08,274.619668790221,6.70803253140739,0.698193345656192,1.20027366620098,1.36783733826248,0.102111135322991,0.0427499105414898,4.69500924214418,68.7,3,0.8309,0.106626666666667,0.275,0.2,0.25,0.2,79.3674666666667
"P07",12,"Sampling","sampling",FALSE,31.124,30,75,85,80,0.27,0.334,0.049,0.582,0.308,0.335,0.609,"R7",12.1,37.1,9,0,44.3,25,35,46.55,156.247193347295,10.0101708163618,1.04540506872852,8.10224008807445,6.01374570446735,0.214304569697341,0.111364756963806,14.2182130584192,55.1,0,0.6482,0.207493333333333,0.3,0.25,0.15,0.2,77.8501333333333
"P07",13,"Sampling","sampling",FALSE,30.937,30,85,80,75,0.657,0.935,0.548,0.561,0.99,0.398,0.584,"R1",27.6,44,4,0,67.8,20,40,27.89,214.087711168051,13.5516552392672,1.26255627240143,3.39996231204302,6.88172043010753,0.19024200127029,0.0238316561706293,6.37992831541219,97.2,4,0.6253,0.206246666666667,0.3,0.15,0.2,0.25,77.8750666666667
"P07",14,"Sampling","sampling",FALSE,37.028,25,80,70,75,0.929,0.183,0.802,0.995,0.236,0.452,0.897,"R2",38.1,53.5,0,0,61.5,20,30,15.36,162.484061226328,18.0866760116906,1.5010703125,1.91618902322072,22.265625,0.304226555534353,0.00756615354277557,10.4166666666667,90.4,2,0.9076,0.246853333333333,0.25,0.2,0.3,0.25,75.0629333333333
"P07",15,"Sampling","sampling",FALSE,40.957,22.5,75,85,80,0.755,0.122,0.29,0.24,0.442,0.258,0.628,"R3",23.8,50.8,6,0,44.6,15,30,41.89,276.866964813213,14.5986606492472,2.76324725536993,9.51772745216623,38.9498806682578,0.343944779065549,0.050043352310394,6.82577565632458,17.2,1,0.6653,0.273046666666667,0.225,0.25,0.15,0.2,78.0390666666667
"P07",16,"Optimisation","optimization",TRUE,53.774,17.5,70,80,75,0.474,0.768,0.197,0.225,0.429,0.187,0.251,"R7",13.7,44.7,24,0,32.6,20,15,53.45,203.768918872755,13.4798467383544,2.73121997755331,13.0305340473999,35.3535353535354,0.715402687423381,0.0658237937988781,20.5761316872428,24.4,2,0.4,0.358493333333333,0.175,0.3,0.2,0.25,74.3301333333333
"P07",17,"Optimisation","optimization",TRUE,22.09,22.5,90,85,90,0.406,0.248,0.847,0.212,0.622,0.144,0.512,"R1",30.5,37.5,0,0,79.2,25,20,25.18,213.184260082814,11.0584318516219,0.945734710087371,1.46618407665767,7.70452740270056,0.154553709199186,0.00573248591607067,7.9428117553614,87.7,2,0.5606,0.147266666666667,0.225,0.1,0.15,0.1,85.5546666666667
"P07",18,"Optimisation","optimization",FALSE,32.316,27.5,75,80,80,0.155,0.262,0.967,0.095,0.693,0.141,0.506,"R2",31.7,47.3,1,0,75.7,25,30,18.38,161.978154627737,16.1948464041622,1.2061847826087,1.63751820911475,15.7608695652174,0.245948286601216,0.00303041621474565,11.6304347826087,97.8,2,0.5557,0.21544,0.275,0.25,0.2,0.2,77.1912
"P07",19,"Optimisation","optimization",FALSE,37.401,27.5,85,85,70,0.445,0.224,0.719,0.242,0.41,0.142,0.392,"R3",22.8,48.4,8,0,42.3,25,30,45.59,288.714983476936,15.084721811378,2.50891271929825,6.46099150399761,35.1754385964912,0.489078805912819,0.0285026963176152,10.2631578947368,32.7,1,0.4526,0.24934,0.275,0.15,0.15,0.3,77.5132
"P07",20,"Optimisation","optimization",TRUE,39.393,25,90,90,80,0.401,0.352,0.712,0.245,0.589,0.274,0.563,"R7",17.1,40.2,15,0,36.2,25,25,32.79,156.165343335647,12.9081537193818,2.46606158536585,3.58205133698721,40.3048780487805,0.362616285342223,0.0514375406209099,14.8780487804878,21.9,2,0.6068,0.26262,0.25,0.1,0.1,0.2,81.7476
"P07",21,"Final design","finaldesign",NA,24.15,25,85,85,75,0.406,0.248,0.847,0.212,0.622,0.144,0.512,"R1",33,46.7,1,0,77.5,20,30,23.22,212.794120127532,13.1400061161932,1.12118158347676,1.60584364069988,11.8760757314974,0.171335759505523,0.00409952372979328,7.83132530120482,87.8,2,0.5608,0.161,0.25,0.15,0.15,0.25,80.78
"P08",1,"Sampling","sampling",TRUE,21.993,32.5,60,55,30,0.936,0.07,0.512,0.584,0.975,0.74,0.444,"R1",5.8,38,4,0,47.6,30,35,134.21,215.579126725124,9.75030734556086,0.443984056027418,1.29260539944269,2.38414543287141,0.237151720863267,0.016494036928699,66.5325584860676,43.5,4,0.4996,0.14662,0.325,0.4,0.45,0.7,59.5676
"P08",2,"Sampling","sampling",FALSE,29.117,40,55,45,35,0.045,0.314,0.73,0.809,0.543,0.906,0.238,"R2",16.3,39.1,0,0,60,40,40,35.8,162.151094585124,14.9094015507191,0.899466480446927,1.55027174266776,4.86033519553073,0.272301577916743,0.00670820742383437,27.877094972067,94.9,3,0.4,0.194113333333333,0.4,0.45,0.55,0.65,55.1177333333333
"P08",3,"Sampling","sampling",TRUE,21.999,40,55,45,65,0.265,0.959,0.829,0.195,0.005,0.932,0.07,"R3",13.8,34.7,0,0,40.7,40,40,72.14,275.903985618075,12.4013744094067,1.03867960088692,2.17827800429155,4.12971175166297,0.293062756456866,0.0661210840338637,34.3126385809313,48.5,3,0.4,0.14666,0.4,0.45,0.55,0.35,62.0668
"P08",4,"Sampling","sampling",TRUE,19.444,37.5,65,55,60,0.607,0.192,0.033,0.115,0.732,0.724,0.729,"R7",6.8,28.5,6,0,41.6,40,35,109.35,208.761277179628,9.35024874992462,0.564473299195318,2.91443021603332,1.70080468178493,0.409531206331045,0.375166755213772,56.3643013899049,60.9,3,0.7559,0.129626666666667,0.375,0.35,0.45,0.4,65.9074666666667
"P08",5,"Sampling","sampling",TRUE,33.524,55,65,60,60,0.099,0.839,0.925,0.926,0.01,0.661,0.608,"R1",15.7,51.5,0,0,42.3,45,65,48.85,213.143503950942,15.010002324369,1.33802865329513,2.80383151957885,14.9406467458043,0.40229526048479,0.00418807757303501,23.12730249693,39.3,3,0.6473,0.223493333333333,0.55,0.35,0.4,0.4,61.5301333333333
"P08",6,"Sampling","sampling",TRUE,54.885,30,45,60,65,0.874,0.756,0.974,0.349,0.503,0.623,0.511,"R2",24.5,53.5,0,0,41.2,30,30,23.85,162.377726113744,19.7988697237812,2.44411735121542,3.78801729600662,37.1332774518022,0.481538449610381,0.012281254899859,23.3864207879296,57.5,5,0.5601,0.3659,0.3,0.55,0.4,0.35,60.682
"P08",7,"Sampling","sampling",FALSE,47.456,37.5,30,45,60,0.606,0.702,0.74,0.472,0.415,0.835,0.695,"R3",21.7,53.3,10,0,35.7,35,40,47.01,283.353101491974,18.004679459676,2.79678179498086,6.34476006857014,40.4508719693747,0.46725507630641,0.168785812756282,19.140791152701,73.7,4,0.7251,0.316373333333333,0.375,0.7,0.55,0.4,53.1725333333333
"P08",8,"Sampling","sampling",FALSE,49.113,52.5,65,40,65,0.426,0.452,0.46,0.006,0.045,0.078,0.732,"R7",9.1,40.4,9,0,27.1,30,75,73.59,187.333061201382,12.0477120922299,1.77933070652174,6.79394771445338,24.5108695652174,0.57007965676289,0.116992462754646,42.7989130434783,64.1,0,0.7588,0.32742,0.525,0.35,0.6,0.35,56.9516
"P08",9,"Sampling","sampling",FALSE,36.51,35,55,45,60,0.078,0.366,0.086,0.07,0.474,0.135,0.34,"R1",37.1,51.5,0,0,62.6,30,40,20.63,212.581869865413,17.1718352080657,1.94546705426357,3.23632207868933,25.3875968992248,0.329425568865863,0.00492330214915865,9.98062015503876,60.8,1,0.4056,0.2434,0.35,0.45,0.55,0.4,60.132
"P08",10,"Sampling","sampling",FALSE,43.633,62.5,60,35,60,0.23,0.709,0.045,0.462,0.091,0.342,0.245,"R2",40,54.4,0,0,53.8,70,55,14.62,162.350828829998,17.776373116748,1.44390424076607,1.64665126982349,23.9398084815322,0.222995102992472,0.00752062421728286,5.4719562243502,56.3,1,0.4,0.290886666666667,0.625,0.4,0.65,0.4,52.6822666666667
"P08",11,"Sampling","sampling",FALSE,41.691,67.5,45,45,30,0.421,0.536,0.937,0.172,0.241,0.422,0.956,"R3",20.1,52.2,2,0,34.6,60,75,49.57,277.085304875274,19.7333573327127,1.63529689390883,2.95285800015542,23.6385639370714,0.451674504209238,0.0805995271680553,35.9015732150061,61.6,2,0.9608,0.27794,0.675,0.55,0.55,0.7,44.9412
"P08",12,"Sampling","sampling",TRUE,44.972,37.5,60,65,65,0.841,0.598,0.591,0.9,0.769,0.191,0.149,"R7",11.3,37.7,8,0,29.7,35,40,58.06,182.305978425058,12.3643297594584,1.81298553220806,7.2660447421564,22.3561832586979,0.543245204914701,0.0964518982321472,38.8563554943162,76.1,4,0.4,0.299813333333333,0.375,0.4,0.35,0.35,64.5037333333333
"P08",13,"Sampling","sampling",FALSE,37.962,40,65,60,55,0.313,0.04,0.367,0.007,0.254,0.826,0.868,"R1",41.1,53.6,0,0,57.8,40,40,18.6,212.663780073284,18.7355738120378,1.39990977443609,1.77482039985848,16.9709989258861,0.275884214125869,0.0043585054508888,8.91514500537057,60,1,0.8808,0.25308,0.4,0.35,0.4,0.45,62.9384
"P08",14,"Sampling","sampling",FALSE,44.908,57.5,45,35,60,0.055,0.532,0.186,0.635,0.888,0.327,0.285,"R2",39.8,54.1,0,0,57.5,55,60,14.67,161.965208625705,18.3194742086315,1.52144822888283,1.85300665359735,22.0708446866485,0.276592779131313,0.00793804000012647,8.99182561307902,56.7,2,0.4,0.299386666666667,0.575,0.55,0.65,0.4,50.5122666666667
"P08",15,"Sampling","sampling",TRUE,36.327,40,70,45,30,0.693,0.606,0.599,0.132,0.668,0.398,0.361,"R3",32.2,53,5,0,54.2,40,40,31.19,278.916255150899,13.4690577046818,2.2359,4.2277842550482,28.8461538461538,0.283425068062263,0.0958255857577077,2.62820512820513,86.1,4,0.4253,0.24218,0.4,0.3,0.55,0.7,56.1564
"P08",16,"Optimisation","optimization",FALSE,52.325,70,55,60,55,0.962,0.973,0.554,0.165,0.718,0.725,0.171,"R7",9.8,41.8,12,0,27.4,65,75,70.38,191.181603834735,12.7323225556416,1.96178317703893,14.9121476702372,23.1031543052003,0.613203295363739,0.314282305155361,45.63796533106,62.9,5,0.4,0.348833333333333,0.7,0.45,0.4,0.45,53.0233333333333
"P08",17,"Optimisation","optimization",TRUE,35.227,32.5,65,60,65,0.979,0.701,0.925,0.899,1,0.331,0.186,"R1",37.2,53.5,0,0,43.7,35,30,20.62,212.72694893643,18.2844853220362,2.82139767216295,4.8777779290488,41.5130940834142,0.372439925267161,0.007849173350417,1.7458777885548,29.3,4,0.4,0.234846666666667,0.325,0.35,0.4,0.35,66.8030666666667
"P08",18,"Optimisation","optimization",FALSE,43.043,47.5,65,35,60,1,0.411,0.479,0.182,0.935,0.842,0.535,"R2",15.2,52.7,1,0,81.9,35,60,38.46,162.183467272543,22.0325758948208,0.5748122724909,1.22731781018883,8.47633905356214,0.453846592446177,0.00581024335811576,64.5345813832553,61.9,4,0.5811,0.286953333333333,0.475,0.35,0.65,0.4,56.7609333333333
"P08",19,"Optimisation","optimization",FALSE,38.112,62.5,65,35,65,0.899,0.531,0.934,1,0.425,0.341,0.294,"R3",21.7,52.7,2,0,35.1,65,60,45.99,277.207724090197,20.290223205809,1.65920652173913,13.1123124460096,18.1304347826087,0.4318245855021,0.0676853820854196,31.6521739130435,62,3,0.4,0.25408,0.625,0.35,0.65,0.35,55.4184
"P08",20,"Optimisation","optimization",TRUE,36.726,72.5,65,30,70,0.9,0.728,0.988,0.996,0.681,0.296,0.451,"R7",14,36.1,10,0,38.2,65,80,45.55,177.793120195565,12.1673519404739,1.70473266022827,6.12698262836894,12.9499561018437,0.533442661937538,0.128504950824929,25.153643546971,60.1,4,0.506,0.24484,0.725,0.35,0.7,0.3,53.6032
"P08",21,"Final design","finaldesign",NA,39.051,72.5,70,35,65,0.607,0.192,0.033,0.115,0.732,0.724,0.729,"R1",39.5,53.6,1,0,59.9,75,70,19.42,213.049081679341,20.1248563875492,1.41633950617284,1.90042022876382,19.0329218106996,0.345639446744847,0.00544248321988847,14.1975308641975,59.4,3,0.7561,0.26034,0.725,0.3,0.65,0.35,54.2932
"P09",1,"Sampling","sampling",TRUE,37.319,15,15,15,15,0.007,0.072,0.28,0.417,0.422,0.275,0.922,"R1",30.3,53.5,2,0,68.6,15,15,25.35,213.092424470203,24.1738161745485,1.03191088328076,1.68341399442159,13.7223974763407,0.471956798705335,0.0177967615160153,34.1482649842271,62,0,0.9299,0.248793333333333,0.15,0.85,0.85,0.85,41.0241333333333
"P09",2,"Sampling","sampling",FALSE,44.718,10,20,20,60,0.112,0.568,0.403,0.066,0.035,0.603,0.561,"R2",41,54.1,1,0,56.6,10,10,14.3,162.886779364654,17.1570800592556,1.57370111731844,1.91876513240674,23.463687150838,0.238710988616486,0.0138342153347204,6.42458100558659,56.5,2,0.605,0.29812,0.1,0.8,0.8,0.4,52.0376
"P09",3,"Sampling","sampling",TRUE,40.347,20,50,55,65,0.699,0.286,0.178,0.749,0.207,0.999,0.7,"R3",15.3,51.5,12,0,39.1,20,20,67.77,288.183013564069,19.1451799207,1.44496075538507,6.09094385145644,18.3534966066686,0.69588778533443,0.389452247060665,46.119799350841,65.5,2,0.73,0.26898,0.2,0.5,0.45,0.35,64.6204
"P09",4,"Sampling","sampling",FALSE,53.931,30,60,65,65,0.733,0.221,0.378,0.47,0.649,0.623,0.7,"R7",20.9,44.6,5,0,39.8,20,40,27.24,157.939211522709,15.3008750773055,2.90871953010279,10.5853911817466,43.2452276064611,0.519257495945059,0.150607586221851,15.8590308370044,52.2,3,0.7296,0.35954,0.3,0.4,0.35,0.35,64.8092
"P09",5,"Sampling","sampling",TRUE,38.064,30,80,45,65,0.138,0.083,0.68,0.127,0.623,0.924,0.321,"R1",45.5,53.6,0,0,54.5,15,45,16.83,212.470619577495,13.826930550987,1.56937173396675,1.99238971923017,19.833729216152,0.117386572778872,0.00688043821561473,1.18764845605701,61,3,0.4,0.25376,0.3,0.2,0.55,0.35,66.9248
"P09",6,"Sampling","sampling",FALSE,43.565,20,0,5,50,0.459,0.188,0.254,0.489,0.078,0.529,0.429,"R2",42.6,53.9,3,0,54.2,20,20,13.77,162.802692069158,15.4732931841524,1.5935152394775,1.97206982134432,22.3512336719884,0.160445216767665,0.0278488226757801,2.75761973875181,58.8,1,0.4858,0.290433333333333,0.2,1,0.95,0.5,41.1913333333333
"P09",7,"Sampling","sampling",TRUE,39.725,30,85,65,65,0.297,0.686,0.47,0.958,0.004,0.348,0.389,"R3",27,52,7,0,48.6,15,45,37.27,279.667424713748,17.1818553502809,2.76235461373391,6.07338180141548,43.18669527897,0.445541806793808,0.129487464979838,7.34978540772532,98.2,2,0.45,0.264833333333333,0.3,0.15,0.35,0.35,71.7033333333333
"P09",8,"Sampling","sampling",TRUE,52.536,42.5,95,75,85,0.788,0.22,0.958,0.383,0.596,0.079,0.518,"R7",26.7,45.7,2,0,45.9,25,60,20.73,153.896255783669,10.9408476817484,3.29577820636451,4.5961987106067,53.9054966248795,0.394074597020808,0.181588791680617,3.8572806171649,58.8,3,0.566,0.35024,0.425,0.05,0.25,0.15,75.4952
"P09",9,"Sampling","sampling",FALSE,35.437,45,40,50,75,0.359,0.05,0.688,0.93,0.186,0.515,0.504,"R1",44.3,53.7,2,0,55.2,30,60,17.29,212.693231911335,15.1256889974016,1.60110173410405,2.19957957759385,22.4277456647399,0.221782326126258,0.0189713668347958,3.46820809248555,78.6,2,0.5537,0.236246666666667,0.45,0.6,0.5,0.25,59.2750666666667
"P09",10,"Sampling","sampling",FALSE,44.365,22.5,40,50,55,0.766,0.36,0.021,0.569,0.281,0.333,0.552,"R2",41,54.2,0,0,54.5,25,20,14.24,162.094190334029,17.0335239051083,1.5199058988764,1.79031377466242,22.6123595505618,0.221029198318386,0.00872956907247737,5.33707865168539,56.2,1,0.5972,0.295766666666667,0.225,0.6,0.5,0.45,58.5846666666667
"P09",11,"Sampling","sampling",FALSE,39.917,50,85,60,90,0.264,0.686,0.791,0.468,0.547,0.643,0.297,"R3",25.3,52.8,5,0,47.5,35,65,39.89,280.015019699693,21.6957096148684,1.55086315789474,8.17722396796294,17.4436090225564,0.639532735709708,0.150142087154119,29.1729323308271,63.1,4,0.4,0.266113333333333,0.5,0.15,0.4,0.1,71.6777333333333
"P09",12,"Sampling","sampling",FALSE,35.243,42.5,35,60,40,0.569,0.142,0.28,0.583,0.025,0.151,0.829,"R7",32.3,46.8,5,0,65.4,60,25,18.08,162.408366384503,11.6463917320128,1.90063314917127,2.37769311735479,29.3922651933702,0.312664693999355,0.159546705771521,5.30386740331492,72.4,1,0.8458,0.234953333333333,0.425,0.65,0.4,0.6,53.8009333333333
"P09",13,"Sampling","sampling",FALSE,37.364,37.5,70,80,70,0.891,0.389,0.98,0.627,0.379,0.402,0.977,"R1",44.3,53.5,0,0,55.8,35,40,17.27,212.505587971678,15.3270908052563,1.47469097222222,1.87646670335661,19.3287037037037,0.19130164881473,0.0272938567388658,3.7037037037037,60.1,2,0.9791,0.249093333333333,0.375,0.3,0.2,0.3,71.5181333333333
"P09",14,"Sampling","sampling",FALSE,44.409,37.5,30,50,50,0.504,0.197,0.03,0.182,0.09,0.932,0.646,"R2",42,54.2,0,0,54.6,55,20,13.87,161.866473203673,16.3780460779744,1.5627492795389,1.8677454412109,23.6311239193084,0.198956606581232,0.00679566305688897,4.32276657060519,56.1,2,0.6814,0.29606,0.375,0.7,0.5,0.5,52.5788
"P09",15,"Sampling","sampling",FALSE,41.483,35,60,20,60,0.082,0.646,0.251,0.284,0.225,0.632,0.84,"R3",39.4,53,5,0,56.7,35,35,25.16,275.626419601133,15.0972710447855,2.13202382843527,9.24304225781022,26.131850675139,0.225140042936986,0.126334997826841,3.09769658459095,62,2,0.856,0.276553333333333,0.35,0.4,0.8,0.4,55.4689333333333
"P09",16,"Optimisation","optimization",FALSE,50.593,65,65,55,60,0.655,0.364,0.966,0.559,0.837,0.39,0.039,"R7",21.8,44.9,5,0,47.8,75,55,26.94,163.350674148769,14.3885077132882,3.07160430586488,20.2588110800136,35.1893095768374,0.5595474897416,0.268209160872594,10.913140311804,66.9,3,0.4,0.337286666666667,0.65,0.35,0.45,0.4,56.2542666666667
"P09",17,"Optimisation","optimization",TRUE,32.051,35,75,75,75,0.509,0.731,0.87,1,0.15,0.25,0.55,"R1",31.1,53.4,0,0,72.2,20,50,24.63,212.644663234376,21.1615414328629,1.13026217532468,1.72307677039469,15.1785714285714,0.407398119537711,0.00833590493129952,26.6233766233766,87.3,3,0.5952,0.213673333333333,0.35,0.25,0.25,0.25,73.7265333333333
"P09",18,"Optimisation","optimization",TRUE,31.142,37.5,85,80,90,1,0.216,1,0.152,0.491,0.01,0.639,"R2",6.2,43.6,1,0,92.2,35,40,93.89,162.522007832792,14.1751019168292,0.206256230031949,0.699698238014896,2.06602768903088,0.270078973026363,0.00343348309142803,82.5133120340788,99,3,0.6753,0.207613333333333,0.375,0.15,0.2,0.1,79.3477333333333
"P09",19,"Optimisation","optimization",TRUE,38.523,35,85,90,90,1,0.017,1,0.562,0.494,0.042,0.707,"R3",15.1,52.8,1,0,83,20,50,65.64,275.167421321362,21.0417264539723,0.807604325312214,2.02942007818419,11.2092598233323,0.464936762393262,0.0824101628778712,62.1992080414255,73,3,0.7366,0.25682,0.35,0.15,0.1,0.1,80.8636
"P09",20,"Optimisation","optimization",TRUE,41.008,7.5,65,75,100,1,0.649,0.4,0.62,0.166,0,0.49,"R7",10.3,38.3,1,0,68.3,5,10,53.92,154.628641730121,12.6901644557542,1.17259436410827,2.49137671270318,18.7245087133852,0.384070229913109,0.126050837563706,55.0241008527994,54.6,2,0.5408,0.273386666666667,0.075,0.35,0.25,0,81.0322666666667
"P09",21,"Final design","finaldesign",NA,37.679,20,100,100,90,1,0.216,1,0.152,0.491,0.01,0.639,"R1",42.3,53.6,0,0,57.7,15,25,18.09,212.388780385771,17.7409254977095,1.43345966850829,1.92761196034804,19.3370165745856,0.275162016962975,0.00875824412039086,8.50828729281768,60.7,3,0.6751,0.251193333333333,0.2,0,0,0.1,88.9761333333333
"P10",1,"Sampling","sampling",TRUE,32.208,15,90,90,90,0.58,0.571,0.548,0.748,0.464,0.205,0.093,"R1",35.8,53.8,0,0,62.4,20,10,21.4,212.625532617261,20.1338748977181,1.8529214953271,3.34691722935505,24.8598130841122,0.404492742144833,0.00422756711176341,17.196261682243,52.5,4,0.4,0.21472,0.15,0.1,0.1,0.1,86.7056
"P10",2,"Sampling","sampling",FALSE,43.694,17.5,75,75,75,0.674,0.999,0.727,0.601,0.982,0.006,0.353,"R2",42.2,54.2,0,0,54.7,10,25,13.81,161.629765103467,16.1405069939819,1.51721852387844,1.80261128847969,19.9710564399421,0.189857194531356,0.0142932819510655,3.90738060781476,56.5,4,0.4173,0.291293333333333,0.175,0.25,0.25,0.25,75.6741333333333
"P10",3,"Sampling","sampling",FALSE,40.016,25,45,30,50,0.32,0.896,0.386,0.475,0.269,0.105,1,"R3",35.5,52.9,2,0,58.1,25,25,27.8,274.040425950446,14.4413457568549,2.4988490294752,3.88237689782581,37.9583033788641,0.328942590652718,0.094602420395848,2.65995686556434,94.5,1,0.9996,0.266773333333333,0.25,0.55,0.7,0.5,54.6645333333333
"P10",4,"Sampling","sampling",FALSE,47.621,32.5,65,65,40,0.879,0.572,0.467,0.005,0.4,0.44,0.419,"R7",33.1,48.3,0,0,57.8,45,20,17.1,157.428757043342,11.4345779391924,2.60507368421053,3.98144512451771,32.5146198830409,0.304988406139986,0.146828614241542,3.27485380116959,62.6,3,0.4776,0.317473333333333,0.325,0.35,0.35,0.6,61.1505333333333
"P10",5,"Sampling","sampling",FALSE,34.265,35,65,55,70,0.581,0.909,0.675,0.32,0.423,0.392,0.934,"R1",44.9,53.5,0,0,55.3,35,35,17.06,212.759126894882,14.3949574105025,1.51139344262295,1.92307708466389,19.4379391100703,0.184536900004391,0.00412188121593091,2.2248243559719,59.5,3,0.9402,0.228433333333333,0.35,0.35,0.45,0.3,66.4313333333333
"P10",6,"Sampling","sampling",FALSE,44.423,30,70,65,60,0.027,0.233,0.505,0.9,0.717,0.617,0.514,"R2",41.5,54.2,2,0,55.5,30,30,14.03,161.772723379022,16.8859399999255,1.5559415954416,1.86353274036836,23.6467236467236,0.221384862217433,0.00623042308695187,5.41310541310541,56.2,3,0.563,0.296153333333333,0.3,0.3,0.35,0.4,67.0769333333333
"P10",7,"Sampling","sampling",FALSE,32.543,42.5,90,70,60,0.719,0.911,0.835,0.532,0.105,0.541,0.353,"R3",24,53.1,5,0,38.1,30,55,41.1,274.371793427204,22.0198404551448,1.7649596107056,8.45214102976094,18.6374695863747,0.40159387902405,0.233435107339618,36.8856447688564,33.1,4,0.4178,0.216953333333333,0.425,0.1,0.3,0.4,71.1609333333333
"P10",8,"Sampling","sampling",FALSE,45.242,22.5,55,60,60,0.433,0.357,0.827,0.975,0.253,0.194,0.673,"R7",32.2,50.3,4,0,56.5,25,20,17.58,157.17068037624,12.3281295377052,2.43295227272727,3.50013645422803,37.6136363636364,0.318989248941274,0.160161283317493,3.18181818181818,75.5,1,0.7058,0.301613333333333,0.225,0.45,0.4,0.4,64.4677333333333
"P10",9,"Sampling","sampling",FALSE,44.289,30,65,55,55,0.976,0.784,0.794,0.109,0.921,0.132,0.542,"R1",31.2,47.3,0,0,56.2,20,40,24.52,212.633497145204,10.5470449713616,2.6850162999185,3.74784449387175,40.9942950285249,0.343635755453845,0.00611621182222962,0.162999185004075,91.7,4,0.5883,0.29526,0.3,0.35,0.45,0.45,63.0948
"P10",10,"Sampling","sampling",FALSE,48.287,60,75,60,65,0.545,0.835,0.191,0.262,0.503,0.939,0.78,"R2",33.4,50.3,1,0,56.8,65,55,17.48,162.181252284107,15.1603133090095,2.224792,3.23658970903485,32.9142857142857,0.342106081362967,0.0209602310276765,5.6,72,4,0.8022,0.321913333333333,0.6,0.25,0.4,0.35,61.5617333333333
"P10",11,"Sampling","sampling",FALSE,37.567,70,30,40,20,0.081,0.487,0.294,0.76,0.225,0.39,0.253,"R3",22.8,53.3,10,0,40.3,70,70,47.15,297.936176504139,19.9619900244989,2.47299024597116,9.22414872021768,30.2374893977947,0.650001164418043,0.138639836221858,16.793893129771,52.2,1,0.4,0.250446666666667,0.7,0.7,0.6,0.8,38.9910666666667
"P10",12,"Sampling","sampling",FALSE,38.003,52.5,15,30,10,0.785,0.364,0.208,0.078,0.43,0.861,0.168,"R7",21,49.9,8,0,50.9,60,45,27.62,161.58183190056,17.7907084741175,1.92287409551375,9.08351080926528,24.3125904486252,0.555736998743791,0.138305956093447,28.7988422575977,11.2,2,0.4,0.253353333333333,0.525,0.85,0.7,0.9,35.4329333333333
"P10",13,"Sampling","sampling",FALSE,37.394,35,60,65,60,0.766,0.412,0.16,0.341,0.802,0.226,0.114,"R1",44.6,53.6,1,0,55.1,35,35,17.14,212.572989571235,15.2521331589301,1.47163053613054,1.88374443949356,19.5804195804196,0.179586792412798,0.00638672285526013,3.37995337995338,59.2,2,0.4,0.249293333333333,0.35,0.4,0.35,0.4,65.0141333333333
"P10",14,"Sampling","sampling",FALSE,45.692,45,80,70,60,0.682,0.305,0.86,0.598,0.941,0.213,0.536,"R2",42.3,54.2,0,0,55.4,40,50,13.79,161.92745197238,15.7600917048412,1.67784057971014,1.96140924982842,26.3768115942029,0.174824450468237,0.0093117299643067,3.33333333333333,56.6,3,0.582,0.304613333333333,0.45,0.2,0.3,0.4,66.9077333333333
"P10",15,"Sampling","sampling",FALSE,39.257,45,45,60,50,0.515,0.841,0.842,0.087,0.349,0.679,0.872,"R3",24.4,53.3,7,0,42.5,30,60,42.24,286.510515500893,21.1964490207036,2.49423863636364,13.6056781731904,28.219696969697,0.620967288369834,0.0959773989938808,19.7443181818182,8.7,4,0.8848,0.261713333333333,0.45,0.55,0.4,0.5,56.7657333333333
"P10",16,"Optimisation","optimization",FALSE,49.121,20,55,75,75,0.647,0.733,0.687,0.738,0.438,0.161,0.14,"R7",19.7,39.5,8,0,43.7,20,20,29.31,160.475473670996,13.8298814541085,2.73109549795362,15.1907277300009,29.8772169167804,0.524851103870666,0.130729012941194,20.8049113233288,50.6,3,0.4,0.327473333333333,0.2,0.45,0.25,0.25,70.4505333333333
"P10",17,"Optimisation","optimization",FALSE,38.41,22.5,60,80,80,0.561,0.747,0.488,0.774,0.535,0.206,0.143,"R1",7.9,53.7,1,0,88.6,20,25,96.78,212.420767089609,18.1793519663386,0.293292768595041,0.921034798942261,4.09090909090909,0.375964568164782,0.00261775772510296,82.7685950413223,60.4,4,0.4,0.256066666666667,0.225,0.4,0.2,0.2,74.3786666666667
"P10",18,"Optimisation","optimization",FALSE,45.617,20,55,85,75,0.55,0.515,0.545,0.629,0.428,0.181,0,"R2",14.7,53.9,0,0,81.5,30,10,39.63,161.96453553241,22.172931531995,0.593427850655903,1.27260465224338,8.87991927346115,0.471951477976331,0.00481337065111838,66.3471241170535,57.3,3,0.4,0.304113333333333,0.2,0.45,0.15,0.25,72.9177333333333
"P10",19,"Optimisation","optimization",FALSE,40.958,10,70,90,90,0.58,0.529,0.647,0.826,0.581,0.218,0.078,"R3",7.8,53.2,1,0,90.7,10,10,126.85,275.35929611488,16.4693527958934,0.464904619265332,1.5102984430779,6.77912659624783,0.374046461540379,0.0504557771944848,79.2369541226549,63.2,4,0.4,0.273053333333333,0.1,0.3,0.1,0.1,82.5389333333333
"P10",20,"Optimisation","optimization",TRUE,37.394,10,75,95,95,0.599,0.572,0.688,0.953,0.547,0.163,0.304,"R7",22.7,44.7,2,0,52.4,10,10,25.09,158.19771923237,11.8523445735881,2.14945577689243,3.42791022334833,29.800796812749,0.38139261827285,0.153491158587191,12.5896414342629,60.3,4,0.4,0.249293333333333,0.1,0.25,0.05,0.05,86.0141333333333
"P10",21,"Final design","finaldesign",NA,37.98,5,80,100,95,0.58,0.571,0.548,0.748,0.464,0.205,0.093,"R1",43.2,53.8,0,0,56.3,5,5,17.76,212.783957100557,17.030626914931,1.47842004504505,1.91446592026691,20.3828828828829,0.250566704857991,0.00761275947794152,6.75675675675676,60.2,4,0.4,0.2532,0.05,0.2,0,0.05,88.936
"P11",1,"Sampling","sampling",FALSE,43.02,50,85,95,95,0.615,0.046,0.118,0.636,0.59,0.405,0.413,"R1",14.1,51.2,2,0,50.5,25,75,54.24,213.02403179429,16.0646632823865,1.80850331858407,2.90527112295088,30.0147492625369,0.403564201571597,0.00648823989971416,36.2094395280236,93.6,2,0.4712,0.2868,0.5,0.15,0.05,0.05,79.264
"P11",2,"Sampling","sampling",FALSE,46.977,10,95,95,95,0.084,0.71,0.073,0.565,0.725,0.115,0.466,"R2",35.3,53.7,0,0,59.8,5,15,16.6,162.436071138102,16.9529479856827,1.6851421686747,2.3689724592478,23.1325301204819,0.290893869884307,0.0116247618470129,8.79518072289157,56.7,2,0.5198,0.31318,0.1,0.05,0.05,0.05,88.7364
"P11",3,"Sampling","sampling",FALSE,42.414,47.5,90,75,75,0.957,0.772,0.048,0.992,0.321,0.043,0.453,"R3",21.3,50.5,2,0,38.1,50,45,46.64,276.579603931881,16.2751595435335,2.74043996569468,4.1648463029764,42.9245283018868,0.410399270263997,0.077914724729454,10.4631217838765,44.7,2,0.5077,0.28276,0.475,0.1,0.25,0.25,72.8448
"P11",4,"Sampling","sampling",FALSE,43.481,17.5,95,95,95,0.496,0.345,0.114,0.331,0.475,0.002,0.381,"R7",18.2,45.9,1,0,36.9,30,5,31.16,157.840583009758,11.8369242280986,2.49886658114176,3.58658254175326,36.7543296985247,0.372385926211259,0.139404953494453,5.83707504810776,50.1,2,0.4426,0.289873333333333,0.175,0.05,0.05,0.05,87.7025333333333
"P11",5,"Sampling","sampling",FALSE,38.701,7.5,80,85,95,0.172,0.835,0.289,0.772,0.613,0.969,0.982,"R1",41.7,53.6,2,0,57,5,10,18.43,213.475934668129,17.4341066370156,1.50017462039046,1.90857555928366,20.0650759219089,0.25135184562622,0.0108894482174864,6.941431670282,61,3,0.9841,0.258006666666667,0.075,0.2,0.15,0.05,85.3398666666667
"P11",6,"Sampling","sampling",FALSE,43.503,27.5,65,80,95,0.284,0.02,0.067,0.421,0.271,0.725,0.213,"R2",40.4,54.1,0,0,55.9,50,5,14.47,162.199394857018,17.9982178800827,1.43081491712707,1.72838294784631,20.3038674033149,0.248574208846972,0.00811477607783636,7.18232044198895,56.2,1,0.4,0.29002,0.275,0.35,0.2,0.05,76.6996
"P11",7,"Sampling","sampling",TRUE,33.449,17.5,95,95,95,0.285,0.756,0.101,0.845,0.681,0.522,0.615,"R3",19.8,50.9,0,0,38.8,10,25,50.02,275.001856726018,19.329317501875,1.45102517985612,2.93279796741671,16.986410871303,0.446984440951838,0.0820901630753476,35.7314148681055,51.2,3,0.6534,0.222993333333333,0.175,0.05,0.05,0.05,89.0401333333333
"P11",8,"Sampling","sampling",FALSE,44.092,7.5,70,80,65,0.388,0.45,0.013,0.611,0.693,0.355,0.208,"R7",11,38.1,2,0,22.6,5,10,52.36,160.021980904627,10.7666954995149,1.87866119174943,3.03453806116666,30.9014514896868,0.391478008076144,0.191781445545206,33.5752482811306,31,1,0.4,0.293946666666667,0.075,0.3,0.2,0.35,75.6210666666667
"P11",9,"Sampling","sampling",FALSE,42.747,75,25,50,25,0.379,0.294,0.977,0.198,0.173,0.257,0.939,"R1",34,52.6,0,0,50.8,75,75,22.54,212.859363938715,15.246584052908,2.73150842945874,4.02381170508023,42.6796805678793,0.321906094888961,0.00951291349974898,2.04081632653061,83,1,0.9449,0.28498,0.75,0.75,0.5,0.75,39.3004
"P11",10,"Sampling","sampling",FALSE,43.838,40,75,50,50,0.192,0.738,0.755,0.249,0.405,0.93,0.716,"R2",41.1,54.2,0,0,55.4,30,50,14.19,162.046725087272,17.3110086896126,1.4891676056338,1.8018240819202,20.4225352112676,0.200591114777495,0.00835752529205448,5.63380281690141,56.3,3,0.7448,0.292253333333333,0.4,0.25,0.5,0.5,61.1549333333333
"P11",11,"Sampling","sampling",FALSE,42.017,5,95,95,95,0.962,0.282,0.347,0.093,0.782,0.488,0.912,"R3",29.1,50.3,1,0,48,5,5,33.85,273.774806996227,16.1900137805744,2.54621500295334,3.90178601814575,37.6255168340224,0.3552804636766,0.0920570637948571,5.72947430596574,68.5,3,0.9205,0.280113333333333,0.05,0.05,0.05,0.05,90.3977333333333
"P11",12,"Sampling","sampling",FALSE,40.086,52.5,25,45,45,0.776,0.264,0.531,0.315,0.496,0.692,0.324,"R7",20.5,45.4,5,0,37.5,55,50,27.97,159.039996771073,11.0414117017041,2.58904074338813,3.98020575631045,35.9542530378842,0.334938951379716,0.146390760291024,5.28949249463903,31.6,4,0.4,0.26724,0.525,0.75,0.55,0.55,47.1552
"P11",13,"Sampling","sampling",FALSE,40.694,12.5,60,90,95,0.054,0.304,0.105,0.705,0.64,0.305,0.512,"R1",33.6,53.4,1,0,43.6,10,15,22.86,213.047741591316,20.4899495468073,2.15111373578303,2.83827679559169,35.8705161854768,0.339526353304598,0.00786494582989582,4.28696412948382,61,1,0.561,0.271293333333333,0.125,0.4,0.1,0.05,81.0741333333333
"P11",14,"Sampling","sampling",FALSE,45.813,5,95,95,95,0.942,0.012,0.387,0.826,0.723,0.195,0.999,"R2",41.8,54.4,0,0,55.9,5,5,13.99,162.283376066682,16.2846690179292,1.64899142857143,1.91592615689532,24.8571428571429,0.183627602675461,0.0148050275650441,4.14285714285714,56,2,0.9991,0.30542,0.05,0.05,0.05,0.05,89.8916
"P11",15,"Sampling","sampling",FALSE,39.685,5,70,95,95,0.25,0.094,0.28,0.636,0.916,0.615,0.627,"R3",20.1,52.7,0,0,32.9,5,5,49.05,273.846570859132,16.9513325772676,2.62379942927028,4.038862675422,39.9510803098247,0.43383668763127,0.0859903130285217,17.6518548715858,25.5,2,0.6645,0.264566666666667,0.05,0.3,0.05,0.05,85.7086666666667
"P11",16,"Optimisation","optimization",FALSE,40.082,5,60,65,95,0.412,0.769,0.15,0.111,0.859,0,0.568,"R7",7.5,46.4,6,0,49.8,5,5,88.34,183.677516913331,11.3349877169773,1.08310527507358,4.21647467407639,14.7158705003396,0.441992445482184,0.0904809806866521,60.2671496490831,20.8,2,0.6112,0.267213333333333,0.05,0.4,0.35,0.05,77.6557333333333
"P11",17,"Optimisation","optimization",TRUE,37.597,5,95,95,95,1,0.307,0.299,0.081,1,0.071,1,"R1",31.7,53.5,0,0,61.2,5,5,24.14,212.380273019367,23.1833206351003,1.17924855012428,1.75324172630647,14.4159072079536,0.419708133527554,0.00481330674100102,21.5410107705054,60.6,2,1,0.250646666666667,0.05,0.05,0.05,0.05,90.9870666666667
"P11",18,"Optimisation","optimization",FALSE,64.612,10,95,95,95,0.152,0.735,0.325,0.782,1,0,0.698,"R2",20.9,53,3,0,66.7,5,15,28.3,164.495109856937,20.9009380313833,1.67251412429379,15.9149444086659,20.2683615819209,0.472028974468747,0.0398679313164808,40.5367231638418,58.5,2,0.7278,0.430746666666667,0.1,0.05,0.05,0.05,86.3850666666667
"P11",19,"Optimisation","optimization",FALSE,41.647,5,95,95,95,1,0.687,0.33,0.759,0.808,0.606,0.78,"R3",22.8,52.4,0,0,40.6,5,5,43.78,277.153325987256,17.2219131380095,2.57354840182648,4.00110691433084,40.5479452054795,0.406077985074776,0.0814292544508163,14.337899543379,52.7,4,0.8019,0.277646666666667,0.05,0.05,0.05,0.05,90.4470666666667
"P11",20,"Optimisation","optimization",FALSE,49.894,5,25,75,95,0.411,0.308,0.102,0.116,0.825,1,1,"R7",16.3,46.2,2,0,55.7,5,5,34.24,155.136322275452,14.6915408027815,2.01689200233508,3.4478144812186,29.5971978984238,0.448535324158738,0.123962268003936,34.8511383537653,58.1,2,1,0.332626666666667,0.05,0.75,0.25,0.05,71.3474666666667
"P11",21,"Final design","finaldesign",NA,38.038,0,100,100,90,1,0.307,0.299,0.081,1,0.071,1,"R1",36.5,53.7,0,0,62.6,0,0,20.94,212.409885062195,21.950368122716,1.25274522900763,1.78219912721321,16.793893129771,0.397453343259795,0.00982229069609988,20.5152671755725,60.7,2,1,0.253586666666667,0,0,0,0.1,92.9282666666667
"P12",1,"Sampling","sampling",FALSE,31.631,40,65,70,45,0.83,0.522,0.707,0.978,0.947,0.542,0.184,"R1",19,41,1,0,58.9,20,60,40.21,212.810714009088,14.8285113775058,1.39180656389856,2.20343777484767,10.8403779214321,0.281192991827555,0.00384291296929903,17.8518150174043,94.5,5,0.4,0.210873333333333,0.4,0.35,0.3,0.55,63.7825333333333
"P12",2,"Sampling","sampling",FALSE,27.533,77.5,30,20,20,0.109,0.337,0.971,0.397,0.95,0.954,0.277,"R2",22.1,41.5,0,0,68.3,80,75,26.43,162.249147979689,13.1329262847828,1.08952042360061,2.08247960977358,7.41301059001513,0.269219987437944,0.010167874256167,20.1210287443268,74.2,3,0.4,0.183553333333333,0.775,0.7,0.8,0.8,34.8289333333333
"P12",3,"Sampling","sampling",TRUE,27.058,12.5,65,100,85,0.52,0.022,0.256,0.843,0.669,0.429,0.47,"R3",13.4,41.7,7,0,44.8,25,0,78.03,290.29581147416,14.8816431253089,1.12337262942081,4.16517608154126,13.6852895950794,0.528327650980856,0.171537043198875,43.4648898001025,80,2,0.5231,0.180386666666667,0.125,0.35,0,0.15,83.8922666666667
"P12",4,"Sampling","sampling",FALSE,32.645,70,80,25,40,0.699,0.588,0.639,0.889,0.584,0.535,0.913,"R7",20.2,50.6,13,0,41.8,70,70,81.98,459.27599488999,15.1012413526266,1.67176463414634,3.37122862686101,16.8292682926829,0.519348118354164,0.240991361997478,16.4634146341463,73.1,5,0.9213,0.217633333333333,0.7,0.2,0.75,0.6,50.6473333333333
"P12",5,"Sampling","sampling",FALSE,45.386,0,75,100,100,0.506,0.391,0.01,0.485,0.359,0.792,0.307,"R1",27.3,51.8,0,0,48.9,0,0,28.09,212.920736852873,18.1626375556182,1.98539857651246,3.29520033457587,27.6156583629893,0.376594183601105,0.00888535418055644,14.5907473309609,63.6,2,0.4,0.302573333333333,0,0.25,0,0,88.9485333333333
"P12",6,"Sampling","sampling",FALSE,34.239,90,100,20,70,0.14,0.559,0.78,0.381,0.549,0.204,0.361,"R2",35.9,52.5,0,0,65.9,85,95,16.25,162.02822532307,15.5345327105784,1.53689175891759,1.87952216719859,21.5252152521525,0.302340941986753,0.0156146475772067,7.25707257072571,79.7,3,0.4253,0.22826,0.9,0,0.8,0.3,55.4348
"P12",7,"Sampling","sampling",TRUE,30.429,20,75,95,85,0.548,0.373,0.02,0.921,0.943,0.918,0.749,"R3",31.2,45.7,2,0,64.2,20,20,32.18,278.735740687379,13.4446796305218,1.59994717215662,2.37346849127074,15.7240522063393,0.250868371796161,0.12240336332881,3.23182100683654,84.3,3,0.7744,0.20286,0.2,0.25,0.05,0.15,82.9428
"P12",8,"Sampling","sampling",FALSE,45.364,0,100,100,100,0.291,0.287,0.274,0.969,0.358,0.21,0.394,"R7",16.5,48.2,7,0,36.7,0,0,37,169.538944882043,14.3857313263703,2.21294108108108,8.09170039947157,25.0810810810811,0.561516330840149,0.179621719896662,22.5945945945946,34.2,0,0.455,0.302426666666667,0,0,0,0,93.9514666666667
"P12",9,"Sampling","sampling",FALSE,37.718,30,100,75,50,0.879,0.888,0.158,0.651,0.584,0.428,0.167,"R1",42.1,53.6,0,0,57.3,30,30,18.2,212.468621922202,17.8863395076614,1.42229010989011,1.94336717901577,19.010989010989,0.260960992323567,0.0077562760510196,8.02197802197802,60.7,3,0.4,0.251453333333333,0.3,0,0.25,0.5,73.9709333333333
"P12",10,"Sampling","sampling",FALSE,34.288,67.5,100,70,50,0.953,0.36,0.752,0.855,0.48,0.845,0.124,"R2",37.7,53.4,0,0,63.7,35,100,15.5,162.24052684206,15.9167771585659,1.52182967741935,1.95590351313952,21.9354838709677,0.318026302657965,0.0102770653001945,7.2258064516129,96.5,4,0.4,0.228586666666667,0.675,0,0.3,0.5,65.9282666666667
"P12",11,"Sampling","sampling",TRUE,29.786,30,90,80,75,0.423,0.628,0.336,0.612,0.878,0.004,0.337,"R3",35.5,52.3,1,0,61.9,30,30,28.45,280.341571546758,13.080124544074,1.62940688685875,2.48873374852835,18.5523541813071,0.28569594605761,0.0751930120855749,3.65425158116655,78.3,2,0.4037,0.198573333333333,0.3,0.1,0.2,0.25,79.0285333333333
"P12",12,"Sampling","sampling",FALSE,43.409,85,85,25,25,0.437,0.772,0.62,0.049,0.426,0.257,0.877,"R7",32.6,47.7,8,0,60.5,80,90,18.55,167.747616075001,11.9598610068886,2.24974353448276,5.79764365100253,32.3275862068966,0.241668415618467,0.163241935340028,4.84913793103448,68.7,2,0.8895,0.289393333333333,0.85,0.15,0.75,0.75,44.2121333333333
"P12",13,"Sampling","sampling",FALSE,33.5,22.5,80,75,85,0.497,0.717,0.185,0.166,0.644,0.556,0.638,"R1",34.3,46.5,0,0,78.2,25,20,22.32,212.609131052416,12.762668479676,1.3432757385855,1.83650273335791,15.4879140555058,0.185591258472978,0.00627052707702795,5.19247985675918,94.8,4,0.6746,0.223333333333333,0.225,0.2,0.25,0.15,79.0333333333333
"P12",14,"Sampling","sampling",FALSE,37.509,77.5,90,5,5,0.791,0.164,0.738,0.741,0.112,0.67,0.391,"R2",39.4,53.4,0,0,59.7,75,80,14.86,162.548980602491,16.9356127343233,1.5111197846568,1.83420297682097,22.4764468371467,0.259214304373103,0.0184509761894899,6.05652759084791,54.3,3,0.4516,0.25006,0.775,0.1,0.95,0.95,39.4988
"P12",15,"Sampling","sampling",TRUE,26.297,25,80,90,90,0.776,0.545,0.127,0.112,0.145,0.421,0.162,"R3",25.4,43.2,4,0,57.9,25,25,38.68,272.175396185058,13.2946475035902,1.44186091003102,2.09057630205796,10.9617373319545,0.228563835015116,0.0609303493320792,4.44674250258532,69.5,2,0.4,0.175313333333333,0.25,0.2,0.1,0.1,83.4937333333333
"P12",16,"Optimisation","optimization",FALSE,41.632,0,100,100,100,0.168,0.196,0.093,1,0.175,0.257,0.387,"R7",24.1,38.1,3,0,44.8,0,0,23.39,156.85204068393,9.2181208821196,2.96345384615385,24.6831382009001,21.2820512820513,0.248811431664281,0.216106973626647,0.170940170940171,65.2,0,0.4479,0.277546666666667,0,0,0,0,94.4490666666667
"P12",17,"Optimisation","optimization",FALSE,33.542,0,100,100,100,0.235,0.206,0.173,0.686,0.328,0.143,0.226,"R1",31.9,52.9,0,0,50.3,0,0,23.99,212.556061859335,14.1727998710809,2.77128833333333,11.2384804617913,38.3333333333333,0.318200807606823,0.00881439921852544,0.166666666666667,14.5,0,0.4,0.223613333333333,0,0,0,0,95.5277333333333
"P12",18,"Optimisation","optimization",FALSE,36.683,0,100,100,100,0.369,0.27,0.143,1,0.293,0.576,0.341,"R2",23.8,50.3,0,0,75.1,0,0,24.49,162.01722224432,20.1784980731255,0.843111836734694,1.23324755646418,8.57142857142857,0.370408645452358,0.0101337395403093,33.469387755102,85.4,1,0.4068,0.244553333333333,0,0,0,0,95.1089333333333
"P12",19,"Optimisation","optimization",TRUE,31.814,0,100,100,100,0,0.359,0.311,1,0.275,0.385,0.14,"R3",32.7,48.9,6,0,73.5,0,0,30.15,273.727825652358,16.1177813358376,1.40953448275862,3.31190233693657,15.7824933687003,0.306423980700976,0.093092287257692,13.262599469496,86,0,0.4,0.212093333333333,0,0,0,0,95.7581333333333
"P12",20,"Optimisation","optimization",FALSE,34.187,10,90,60,75,0,0.573,0,0.5,0.416,0.002,0.407,"R7",30.2,44.6,8,0,56.9,5,15,20.38,170.914587789164,9.01443610357877,2.76730392156863,23.0954091314034,25.2941176470588,0.287682779953035,0.174850632687109,0.196078431372549,29.6,1,0.466,0.227913333333333,0.1,0.1,0.4,0.25,78.4417333333333
"P12",21,"Final design","finaldesign",NA,36.544,0,100,100,100,0,0.359,0.311,1,0.275,0.385,0.14,"R1",27.8,46.8,0,0,59.7,0,0,27.6,212.705689678583,15.3025924188147,1.62638550724638,1.95875706842665,23.1159420289855,0.326842697502451,0.00440226452506907,7.7536231884058,94,0,0.4,0.243626666666667,0,0,0,0,95.1274666666667
"P13",1,"Sampling","sampling",FALSE,37.868,77.5,70,75,75,0.229,0.457,0.602,0.156,0.45,0.643,0.601,"R1",45.9,53.6,1,0,54,75,80,16.69,212.698794885971,13.2285631944084,1.61616407185629,2.22730606037188,22.9940119760479,0.0429716031955843,0.00772305644706562,0.239520958083832,61,2,0.6408,0.252453333333333,0.775,0.3,0.25,0.25,63.4509333333333
"P13",2,"Sampling","sampling",FALSE,43.593,17.5,65,80,70,0.895,0.953,0.764,0.56,0.829,0.052,0.544,"R2",16.8,54.2,0,0,78.9,30,5,34.71,162.047049908515,23.0731877252797,0.610353686635945,1.24914459346228,8.75576036866359,0.482319146369188,0.00611402810965301,61.463133640553,56.1,4,0.5899,0.29062,0.175,0.35,0.2,0.3,73.6876
"P13",3,"Sampling","sampling",FALSE,36.176,15,75,80,85,0.768,0.969,0.586,0.368,0.382,0.454,0.484,"R3",19.3,53,4,0,39.6,25,5,93.4,500.744732561974,20.454350693731,1.67691286662385,5.88760097036386,22.0509526867908,0.645295767308175,0.103951621775056,35.7525155213016,60.3,3,0.5361,0.241173333333333,0.15,0.25,0.2,0.15,80.1765333333333
"P13",4,"Sampling","sampling",FALSE,42.853,10,75,90,85,0.935,0.703,0.324,0.321,0.166,0.819,0.347,"R7",14.6,47.6,3,0,55.9,15,5,37.7,153.226714217635,14.3143129870843,1.48404825026511,2.51525675619138,22.0572640509014,0.421557961197573,0.138601737934569,37.4337221633086,49.9,3,0.4125,0.285686666666667,0.1,0.25,0.1,0.15,82.2862666666667
"P13",5,"Sampling","sampling",FALSE,32.536,10,75,85,85,0.117,0.045,0.024,0.41,0.007,0.873,0.441,"R1",37.1,53.9,0,0,58.6,10,10,20.62,212.434495173284,20.7581993115627,1.63842054263566,2.85966219661799,21.0271317829457,0.335858000680388,0.00460949391921006,17.4418604651163,66,1,0.4966,0.216906666666667,0.1,0.25,0.15,0.15,82.6618666666667
"P13",6,"Sampling","sampling",FALSE,45.144,7.5,85,85,80,0.465,0.782,0.716,0.067,0.948,0.87,0.466,"R2",34.4,54.3,0,0,62.3,10,5,16.97,162.10591955508,21.9005774459018,1.33566313309776,1.77249886015245,18.9634864546525,0.353422439542958,0.00749652674204614,21.319199057715,56,5,0.5194,0.30096,0.075,0.15,0.15,0.2,82.4808
"P13",7,"Sampling","sampling",TRUE,38.87,12.5,95,90,85,0.795,0.523,0.695,0.747,0.36,0.384,0.248,"R3",17,52.7,9,0,32.6,10,15,60.56,286.728567473623,17.2079913015762,2.5143661274348,5.22276780036572,40.5084186200066,0.594784635748727,0.115194935342959,26.1802575107296,7.7,3,0.4,0.259133333333333,0.125,0.05,0.1,0.15,86.3173333333333
"P13",8,"Sampling","sampling",TRUE,51.241,10,100,75,90,0.618,0.54,0.791,0.59,0.598,0.941,0.903,"R7",14.7,44.9,3,0,36.7,10,10,38.61,157.257159644348,12.7511625939758,2.58114189539099,3.893818755865,47.2294148109788,0.463960976370085,0.160534089557657,28.4308648368721,75.7,5,0.9128,0.341606666666667,0.1,0,0.25,0.1,84.1678666666667
"P13",9,"Sampling","sampling",TRUE,39.476,12.5,90,95,90,0.841,0.149,0.281,0.061,0.844,0.907,0.281,"R1",40.1,53.5,0,0,57.1,10,15,19.08,212.666495895946,18.3334435758033,1.54111937172775,1.91412765420701,18.6387434554974,0.239425253738443,0.00693764218421871,5.23560209424084,63,3,0.4,0.263173333333333,0.125,0.1,0.05,0.1,87.2365333333333
"P13",10,"Sampling","sampling",FALSE,44.433,5,85,85,85,0.245,0.209,0.041,0.264,0.339,0.237,0.591,"R2",38.2,54.4,0,0,58.2,10,0,15.27,161.928390446499,19.7813891647416,1.42066623036649,1.81394591792242,20.6806282722513,0.287573620386571,0.00666629497201468,12.9581151832461,56.1,0,0.6319,0.29622,0.05,0.15,0.15,0.15,84.0756
"P13",11,"Sampling","sampling",FALSE,42.969,7.5,90,90,90,0.34,0.276,0.946,0.512,0.186,0.544,0.677,"R3",31.9,52.7,5,0,55.8,10,5,31.09,275.767462930473,17.6989289904359,2.27979807073955,8.72138880063185,30.6109324758842,0.338029954540371,0.104989895933004,9.96784565916399,65.1,2,0.7096,0.28646,0.075,0.1,0.1,0.1,86.7708
"P13",12,"Sampling","sampling",FALSE,48.083,10,90,85,85,0.27,0.738,0.303,0.437,0.383,0.258,0.111,"R7",21.9,47.4,2,0,42.9,10,10,25.77,156.964889549237,12.2678117932775,2.60310783553142,3.79315204049196,37.3933281613654,0.375007057742373,0.13925364426897,10.6283941039566,48.9,1,0.4,0.320553333333333,0.1,0.1,0.15,0.15,83.5889333333333
"P13",13,"Sampling","sampling",FALSE,38.561,12.5,85,85,90,0.091,0.024,0.753,0.752,0.949,0.602,0.509,"R1",43.4,53.7,0,0,56.1,10,15,17.67,212.798327538411,16.565748521025,1.52475226244344,1.92258331979346,20.7013574660633,0.182390907311614,0.0109749950239447,5.31674208144796,60.6,3,0.5577,0.257073333333333,0.125,0.15,0.15,0.1,84.3585333333333
"P13",14,"Sampling","sampling",FALSE,43.946,7.5,90,90,90,0.225,0.201,0.671,0.593,0.87,0.7,0.237,"R2",36.6,54.4,0,0,59.5,5,10,15.92,162.00849306448,20.794939478688,1.32742158092848,1.72685837619022,18.6951066499373,0.315322185717297,0.0064988714191497,15.8092848180678,55.6,3,0.4,0.292973333333333,0.075,0.1,0.1,0.1,86.6405333333333
"P13",15,"Sampling","sampling",TRUE,31.117,5,90,90,90,0.798,0.675,0.343,0.092,0.057,0.221,0.105,"R3",22.7,53.1,3,0,41.5,5,5,43.44,274.169334403593,18.6359609244458,1.83954578923148,3.13314101612101,27.6115968706857,0.413003667027024,0.0846925145880106,23.9300506212609,19.1,2,0.4,0.207446666666667,0.05,0.1,0.1,0.1,88.8510666666667
"P13",16,"Optimisation","optimization",FALSE,42.026,12.5,90,90,85,0.091,0.298,0.168,0.728,0.242,0.35,0.149,"R7",28.8,49.1,5,0,50.1,10,15,19.85,159.065153342191,11.9333192411676,2.28661027190332,3.41874720841971,32.3262839879154,0.349935721899595,0.149350397414301,3.12185297079557,83.5,0,0.4,0.280173333333333,0.125,0.1,0.1,0.15,84.8965333333333
"P13",17,"Optimisation","optimization",TRUE,27.284,7.5,90,85,95,0.43,0.13,1,0.714,0.386,0.742,0.646,"R1",43.8,53.6,0,0,51.5,5,10,17.48,212.787360065645,14.5744777751757,2.69812228571429,15.456323379247,27.6571428571429,0.235459501518162,0.00623868704806448,0.228571428571429,28.9,2,0.6811,0.181893333333333,0.075,0.1,0.15,0.05,88.8621333333333
"P13",18,"Optimisation","optimization",TRUE,45.109,7.5,90,95,85,0.657,0.345,0.907,0.803,0.358,0.741,0.89,"R2",40,54.3,0,0,56.6,10,5,14.61,162.13824958094,18.3679375613811,1.5211340629275,1.83034701948011,23.8030095759234,0.270350503789224,0.00720276105945999,8.61833105335157,55.7,3,0.9013,0.300726666666667,0.075,0.1,0.05,0.15,86.4854666666667
"P13",19,"Optimisation","optimization",FALSE,49.972,12.5,90,95,90,0.42,0.111,0.187,0.636,0.3,0.802,0.909,"R3",22.3,51.4,6,0,37.8,15,10,46.87,290.302005933621,15.8471418376864,2.79912798634812,9.9320178260219,40.8276450511945,0.529035619151427,0.0779631622374729,8.19112627986348,64.4,1,0.9178,0.333146666666667,0.125,0.1,0.05,0.1,85.8370666666667
"P13",20,"Optimisation","optimization",TRUE,48.586,12.5,95,90,90,0.347,0.28,0.604,0.641,0.995,1,0.892,"R7",17.8,41.9,3,0,36.3,10,15,32.61,160.938185747468,10.7714335754393,2.79153586756591,6.01187749021375,45.4322501532802,0.449717597979099,0.159868921126068,10.0551808706315,39.6,3,0.9027,0.323906666666667,0.125,0.05,0.1,0.1,86.0218666666667
"P13",21,"Final design","finaldesign",NA,38.173,5,80,85,90,0.798,0.675,0.343,0.092,0.057,0.221,0.105,"R1",29.3,53.4,0,0,68.5,5,5,26.14,212.713114595314,19.8973026149176,1.75376434583015,2.99305497390549,25.1721499617445,0.419347308305131,0.00593179555249285,24.2540168324407,92.8,2,0.4,0.254486666666667,0.05,0.2,0.15,0.1,84.9102666666667
"P14",1,"Sampling","sampling",FALSE,27.639,32.5,25,25,50,0.121,0.234,0.084,0.927,0.557,0.733,0.588,"R1",5,41.6,0,0,67.7,50,15,153.09,212.939881543229,9.28955163246702,0.58541110385369,1.65279516348832,5.09470934030046,0.25139914412933,0.00340307616162615,68.0862181580666,32.1,2,0.6293,0.18426,0.325,0.75,0.75,0.5,49.8148
"P14",2,"Sampling","sampling",TRUE,21.986,17.5,70,65,65,0.471,0.071,0.125,0.212,0.396,0.683,0.473,"R2",9.6,33.2,0,0,55.3,10,25,61.11,162.428986894876,11.061262109529,0.484877617801047,0.832388520960302,0.916230366492147,0.22971450445302,0.0175789005971965,43.684554973822,83.4,2,0.5253,0.146573333333333,0.175,0.3,0.35,0.35,73.5685333333333
"P14",3,"Sampling","sampling",FALSE,22.221,25,40,55,60,0.899,0.01,0.326,0.303,0.721,0.232,0.006,"R3",11,34.3,1,0,44.1,35,15,90.55,277.388952493446,11.2890502119657,0.878875,1.94120615110382,4.79240282685512,0.261824630903367,0.0692991740150351,35.0265017667844,22,2,0.4,0.14814,0.25,0.6,0.45,0.4,63.0372
"P14",4,"Sampling","sampling",FALSE,30.352,55,60,30,60,0.118,0.93,0.095,0.8,0.641,0.256,0.505,"R7",6.9,39.1,21,0,33.9,60,50,129.57,249.19430453172,9.88123597665182,1.14127396203118,4.13800771878298,9.77002623861707,0.510161070075148,0.210517065809597,44.7291248649483,66.3,2,0.5543,0.202346666666667,0.55,0.4,0.7,0.4,54.9530666666667
"P14",5,"Sampling","sampling",FALSE,22.527,40,70,55,40,0.057,0.408,0.601,0.043,0.215,0.124,0.075,"R1",13.5,34.3,0,0,44.2,35,45,56.84,213.021639739248,12.7047175575316,0.762294407316215,1.59064399043611,2.04009848751319,0.235521866216627,0.00380333696438092,36.545902215969,85.7,1,0.4,0.15018,0.4,0.3,0.45,0.6,61.9964
"P14",6,"Sampling","sampling",FALSE,29.556,60,70,65,65,0.754,0.598,0.307,0.971,0.293,0.229,0.766,"R2",25.5,41.3,0,0,79.5,60,60,22.88,161.841293834794,16.7577034486774,0.850976398601399,1.18941029754727,3.05944055944056,0.267605856560636,0.00416600126838255,22.9020979020979,97.8,2,0.7896,0.19704,0.6,0.3,0.35,0.35,64.0592
"P14",7,"Sampling","sampling",FALSE,23.065,50,65,65,65,0.146,0.902,0.509,0.933,0.974,0.761,0.472,"R3",21.1,38.4,2,0,62.5,50,50,47.94,281.20521513574,13.484292939147,1.07001084236864,4.39515344193432,7.21434528773978,0.350311292447961,0.0464817620055775,13.8031693077565,84.3,4,0.5251,0.153766666666667,0.5,0.35,0.35,0.35,65.9246666666667
"P14",8,"Sampling","sampling",TRUE,21.902,15,20,25,30,0.677,0.606,0.001,0.32,0.714,0.091,0.663,"R7",9.8,34.7,7,0,44.1,15,15,64.51,176.572158623163,10.0496284589577,0.9875278983261,4.21579401365268,4.24674519528828,0.469861377695606,0.0738242706935165,26.9993800371978,38.2,3,0.6965,0.146013333333333,0.15,0.8,0.75,0.7,49.0797333333333
"P14",9,"Sampling","sampling",TRUE,18.583,62.5,80,45,70,0.249,0.192,0.687,0.588,0.744,0.504,0.593,"R1",20.7,33.9,0,0,71.2,60,65,37.03,212.593725264907,12.5123612353975,0.680513498920086,1.06120215678896,3.23974082073434,0.185703026877279,0.00839973868690268,17.1166306695464,58.8,3,0.6332,0.123886666666667,0.625,0.2,0.55,0.3,64.0222666666667
"P14",10,"Sampling","sampling",TRUE,25.672,30,55,75,65,0.865,0.58,0.07,0.321,0.232,0.545,0.623,"R2",23.7,36.6,0,0,72.8,30,30,24.62,161.794582550682,13.5683858912364,0.795732954545455,1.09592686037883,3.57142857142857,0.187015930678696,0.00572359178186362,14.0422077922078,90.8,3,0.6612,0.171146666666667,0.3,0.45,0.25,0.35,69.5770666666667
"P14",11,"Sampling","sampling",FALSE,28.758,35,0,30,0,0.116,0.129,0.234,0.422,0.905,0.836,0.529,"R3",16.4,48,7,0,51.8,30,40,63.97,292.118970530008,15.3976804465376,1.15255767427321,4.92383492527093,7.90872147546108,0.575533447312879,0.040419991838085,30.478274460769,88.2,2,0.5762,0.19172,0.35,1,0.7,1,35.1656
"P14",12,"Sampling","sampling",FALSE,25.517,30,60,35,20,0.479,0.808,0.727,0.107,0.637,0.57,0.03,"R7",13.6,33.6,7,0,44.7,35,25,52.74,199.750405596675,9.63526952339062,1.30293025018954,3.59654863223746,10.9931766489765,0.505956251782095,0.061754642674597,17.8923426838514,48.6,5,0.4,0.170113333333333,0.3,0.4,0.65,0.8,53.5977333333333
"P14",13,"Sampling","sampling",TRUE,18.838,25,70,55,55,0.429,0.769,0.172,0.44,0.51,0.45,0.025,"R1",21,33.5,0,0,67.7,30,20,36.39,212.39535236065,11.626300490677,0.582250549450549,0.809723307307872,0.494505494505494,0.16288576750052,0.00392746366641744,10.7142857142857,84.5,2,0.4,0.125586666666667,0.25,0.3,0.45,0.45,68.4882666666667
"P14",14,"Sampling","sampling",FALSE,24.691,30,65,65,60,0.03,0.482,0.33,0.425,0.997,0.457,0.369,"R2",24.2,36,0,0,72.9,20,40,24.1,161.864151156674,12.6579941797825,0.79616846473029,1.14377127797663,3.3195020746888,0.195000522957315,0.00455764358849483,14.2738589211618,89.5,2,0.4324,0.164606666666667,0.3,0.35,0.35,0.4,68.7078666666667
"P14",15,"Sampling","sampling",FALSE,28.606,50,65,55,65,0.166,0.008,0.5,0.936,0.614,0.435,0.94,"R3",23.2,49.5,3,0,57.3,65,35,42.6,274.857626828212,14.2268679664211,1.20273333333333,2.28535264540957,8.30985915492958,0.249478234776619,0.0278883384822476,10.3286384976526,85.2,2,0.9457,0.190706666666667,0.5,0.35,0.45,0.35,63.1858666666667
"P14",16,"Optimisation","optimization",TRUE,34.884,5,0,70,0,0.397,0.179,0.131,0.259,0.241,0.529,0.482,"R7",11.7,36.5,2,0,50,0,10,47.05,153.099511308074,10.3813454892615,1.33788907777306,6.76908275865083,12.6646833829154,0.323177801570938,0.0550543744559855,30.3867403314917,40.4,1,0.5337,0.23256,0.05,1,0.3,1,48.3488
"P14",17,"Optimisation","optimization",FALSE,23.26,45,30,45,25,0.242,0.28,0.358,0.285,0.804,0.467,0.25,"R1",15.9,36.6,0,0,80.2,35,55,48.12,212.599777342869,15.3987711541543,0.536644370585791,0.983158924429773,2.5758205234732,0.266241862968361,0.00337919617331777,40.8807644370586,89,2,0.4,0.155066666666667,0.45,0.7,0.55,0.75,47.8986666666667
"P14",18,"Optimisation","optimization",TRUE,29.213,25,70,85,60,0.475,0,0.082,0.16,0.124,0.706,0.664,"R2",22.8,41.2,0,0,74.1,20,30,25.69,162.279115118995,14.5343409024643,0.797659143968872,1.14765293419418,3.50194552529183,0.247334926247355,0.00698337966523256,21.2451361867704,96.4,2,0.6971,0.194753333333333,0.25,0.3,0.15,0.4,74.1049333333333
"P14",19,"Optimisation","optimization",FALSE,32.999,37.5,70,65,60,0.474,0.646,0.101,0.305,0.072,0.403,0.755,"R3",21.5,48.5,3,0,50.7,30,45,46.71,278.499111230363,18.7593862504962,1.14411087328767,2.12440324002245,10.6592465753425,0.395056660544569,0.026949238547736,31.763698630137,86,2,0.7791,0.219993333333333,0.375,0.3,0.35,0.4,67.1001333333333
"P14",20,"Optimisation","optimization",TRUE,32.305,40,80,65,85,0.879,0.061,0.079,0.335,0.182,0.621,0.679,"R7",16.1,31.4,2,0,45.3,40,40,34.11,152.288400399648,10.1793612981179,1.6563305978898,8.82244470153112,9.26143024618992,0.242695710754475,0.0605032091695685,14.0679953106682,66.9,2,0.7111,0.215366666666667,0.4,0.2,0.35,0.15,73.6926666666667
"P14",21,"Final design","finaldesign",NA,30.578,30,65,80,60,0.471,0.071,0.125,0.212,0.396,0.683,0.473,"R1",28.8,45.4,1,0,76.4,25,35,26.52,212.372783504685,17.8547648521008,1.0812012057272,1.45310787743116,8.51544837980407,0.286873412601306,0.00491110750289633,15.0715900527506,98.5,2,0.5257,0.203853333333333,0.3,0.35,0.2,0.4,70.9229333333333
"P15",1,"Sampling","sampling",FALSE,39.323,62.5,35,75,35,0.189,0.387,0.325,0.048,0.527,0.817,0.881,"R1",9.5,38.4,4,0,62.8,75,50,81.61,215.785417217458,12.1458344032554,1.41030286694438,2.85275104083098,18.1573143837295,0.367220204753538,0.0457607536436268,50.4778240627297,13,2,0.8927,0.262153333333333,0.625,0.65,0.25,0.65,51.2569333333333
"P15",2,"Sampling","sampling",FALSE,42.176,37.5,75,80,50,0.66,0.999,0.576,0.101,0.343,0.235,0.332,"R2",16,44.9,1,0,56,25,50,36.61,162.879029654345,14.8006524352145,1.72345221190606,2.82406103486525,21.2452211906062,0.361770203592004,0.00985535533695264,29.4374658656472,60,3,0.4,0.281173333333333,0.375,0.25,0.2,0.5,67.8765333333333
"P15",3,"Sampling","sampling",FALSE,20.723,50,60,75,60,0.877,0.102,0.909,0.553,0.781,0.379,0.425,"R3",18.4,35,0,0,57.6,40,60,53.87,275.649436688112,10.2309851347093,0.969666666666667,1.54462394186252,4.30586488492947,0.219821352264689,0.0999723915574334,13.4372680029696,74.2,3,0.4829,0.138153333333333,0.5,0.4,0.25,0.4,66.2369333333333
"P15",4,"Sampling","sampling",FALSE,36.644,42.5,65,75,65,0.179,0.189,0.887,0.317,0.711,0.354,0.045,"R7",15.1,34.3,5,0,49,40,45,37.48,157.628822250724,11.3154966574041,1.71661846318036,6.37048126493665,14.5677694770544,0.306131715998822,0.145588801293409,21.7716115261473,69.6,2,0.4,0.244293333333333,0.425,0.35,0.25,0.35,67.6141333333333
"P15",5,"Sampling","sampling",FALSE,22.602,60,65,50,45,0.143,0.972,0.25,0.502,0.997,0.411,0.136,"R1",17.1,34.4,2,0,57,60,60,44.9,213.002217329514,11.2314735149168,0.989418708240535,1.65421500773456,8.01781737193764,0.20608110329167,0.00637230406573585,11.2249443207127,86.4,2,0.4,0.15068,0.6,0.35,0.5,0.55,56.9864
"P15",6,"Sampling","sampling",FALSE,22.505,52.5,65,60,55,0.927,0.512,0.808,0.745,0.102,0.586,0.878,"R2",19.1,33.1,1,0,77.5,50,55,30.65,162.453909353772,14.4948038111885,0.618203522504892,1.05334336836114,3.00065231572081,0.257808523536581,0.00809986439781193,31.767775603392,83.9,4,0.8897,0.150033333333333,0.525,0.35,0.4,0.45,62.4993333333333
"P15",7,"Sampling","sampling",FALSE,34.95,50,65,70,60,0.482,0.234,0.408,0.432,0.688,0.993,0.459,"R3",22.5,42.1,4,0,54.4,60,40,44.09,275.484455565388,12.9643514377042,1.78635283446712,3.16301707725294,17.0521541950113,0.286870829923752,0.0794951173608199,11.7006802721088,65.2,3,0.5136,0.233,0.5,0.35,0.3,0.4,64.34
"P15",8,"Sampling","sampling",FALSE,24.332,42.5,70,75,65,0.588,0.574,0.164,0.981,0.351,0.437,0.75,"R7",10.8,29.5,5,0,45.3,40,45,56.23,168.205435254195,8.80438482533291,1.08326813655761,5.33697008361235,7.00568990042674,0.379726046809553,0.112381350314529,25.6401137980085,50.6,2,0.7748,0.162213333333333,0.425,0.3,0.25,0.35,70.2557333333333
"P15",9,"Sampling","sampling",FALSE,36.269,30,75,70,65,0.503,0.136,0.179,0.972,0.104,0.401,0.041,"R1",32.6,45.2,0,0,73.8,30,30,23.48,212.686684575981,15.7050528547861,1.78742893617021,2.99591970108966,26.3829787234043,0.301976337900835,0.0142685012001854,10.9787234042553,99,1,0.4,0.241793333333333,0.3,0.25,0.3,0.35,71.1641333333333
"P15",10,"Sampling","sampling",FALSE,26.683,27.5,80,80,75,0.66,0.031,0.039,0.287,0.29,0.501,0.382,"R2",18.5,39.2,0,0,72.5,25,30,31.64,162.705958801213,14.1523317856633,0.59859987357775,0.907217570395266,1.89633375474083,0.233338149797725,0.00969290681499905,25.4740834386852,94.7,2,0.4434,0.177886666666667,0.275,0.2,0.2,0.25,77.9422666666667
"P15",11,"Sampling","sampling",FALSE,30.695,32.5,75,80,70,0.601,0.287,0.79,0.144,0.643,0.494,0.774,"R3",15.9,49.2,1,0,49,35,30,61.8,273.71877999191,13.4396773994945,1.22794951456311,2.20345602033965,11.0355987055016,0.320968029768703,0.0675322963645329,23.2686084142395,57.4,4,0.7965,0.204633333333333,0.325,0.25,0.2,0.3,74.4073333333333
"P15",12,"Sampling","sampling",TRUE,22.65,25,80,85,85,0.001,0.161,0.485,0.591,0.421,0.825,0.021,"R7",15.9,32.1,0,0,47.7,25,25,35.65,157.672355621507,9.32718340748715,1.39766517106001,2.46297638475849,9.92708917554683,0.237327447088677,0.127536488807308,12.28266965788,42.4,2,0.4,0.151,0.25,0.2,0.15,0.15,81.98
"P15",13,"Sampling","sampling",FALSE,37.598,30,75,75,85,0.17,0.938,0.914,0.271,0.219,0.826,0.421,"R1",38.9,53.7,5,0,63.1,25,35,19.84,214.620671209191,19.2989868530257,1.44231117824773,3.12584234998799,17.2205438066465,0.334441379446775,0.032872040609436,13.2930513595166,70.8,3,0.479,0.250653333333333,0.3,0.25,0.25,0.15,75.9869333333333
"P15",14,"Sampling","sampling",FALSE,27.188,27.5,80,80,85,0.769,0.024,0.807,0.151,0.316,0.915,0.112,"R2",24.3,37.2,0,0,80.2,25,30,24.12,162.374411856856,15.7434994540507,0.874002487562189,1.39269002695723,12.1890547263682,0.278801274070868,0.00992247149852939,24.8756218905473,91.8,3,0.4,0.181253333333333,0.275,0.2,0.2,0.15,79.8749333333333
"P15",15,"Sampling","sampling",FALSE,27.506,35,80,80,80,0.359,0.428,0.278,0.367,0.846,0.928,0.469,"R3",11.8,48.5,9,0,49,35,35,87.03,284.047750432506,13.8052489271147,0.716133042279412,3.33664316459222,3.83731617647059,0.383685192899942,0.181809810416804,45.4733455882353,85,2,0.5223,0.183373333333333,0.35,0.2,0.2,0.2,77.3325333333333
"P15",16,"Optimisation","optimization",TRUE,16.232,25,80,75,80,0.096,0.115,0.579,0.482,0.321,0.779,0.086,"R7",11.1,24.4,2,0,37.3,25,25,50.3,154.996405279429,7.87612288917193,1.22410373608903,26.6670105703579,3.93481717011129,0.189150506572943,0.11417905480175,21.0254372019078,53.6,2,0.4,0.108213333333333,0.25,0.2,0.25,0.2,79.8357333333333
"P15",17,"Optimisation","optimization",TRUE,25.308,20,80,80,55,0,0.066,0.459,0.394,0.32,0.934,0.004,"R1",22.4,42.2,0,0,57,20,20,34.18,212.989534437506,11.9204134287429,1.19593153891164,15.783510357972,5.6173200702165,0.188920294512935,0.00570692564515173,10.9420713867759,66.8,1,0.4,0.16872,0.2,0.2,0.2,0.45,75.6256
"P15",18,"Optimisation","optimization",TRUE,38.814,0,80,50,60,0,0.044,0.211,0.758,0.335,0.82,0.121,"R2",34.5,50,1,0,64.4,0,0,16.98,162.438437926407,15.9487056117988,2.07050176678445,17.3939517023916,22.8504122497055,0.199084977221312,0.0220424439600851,2.94464075382803,76.8,1,0.4,0.25876,0,0.2,0.5,0.4,72.8248
"P15",19,"Optimisation","optimization",TRUE,25.051,2.5,80,65,40,0.59,0.027,0.066,0.872,0.309,0.895,0.072,"R3",20.5,40.2,4,0,51,5,0,49.64,282.655062826462,13.7143306674035,1.41270265914585,5.29229580615733,8.78323932312651,0.377930297627383,0.0799756278683313,13.9403706688155,71.5,2,0.4,0.167006666666667,0.025,0.2,0.35,0.6,73.1598666666667
"P15",20,"Optimisation","optimization",FALSE,16.822,65,60,50,70,0,0.007,0.484,0.854,0.394,0.77,0,"R7",18.2,27.4,3,0,61.2,60,70,30.82,155.48671181401,8.73216056819921,0.532189487345879,1.06701182836237,1.10317975340688,0.183356673738816,0.127182617279227,14.6658014276444,66.3,2,0.4,0.112146666666667,0.65,0.4,0.5,0.3,60.7570666666667
"P15",21,"Final design","finaldesign",NA,27.659,52.5,65,55,85,0.001,0.161,0.485,0.591,0.421,0.825,0.021,"R1",27.7,42.4,0,0,83.3,60,45,27.69,212.740394748199,17.3375810106909,0.944458483754513,1.35663884786476,6.64259927797834,0.273315757899547,0.00858594874726939,21.9494584837545,97,2,0.4,0.184393333333333,0.525,0.35,0.45,0.15,66.8121333333333
"P16",1,"Sampling","sampling",FALSE,29.01,65,65,45,70,0.735,0.885,0.465,0.302,0.136,0.746,0.045,"R1",21.5,43.5,0,0,40.9,60,70,35.61,213.002907042601,11.3353382519807,2.30851151038742,5.44596182775804,31.7798989331836,0.322758860583143,0.00621741326614897,4.99719258843346,48,4,0.4,0.1934,0.65,0.35,0.55,0.3,59.132
"P16",2,"Sampling","sampling",FALSE,26.08,52.5,70,55,75,0.121,0.339,0.831,0.739,0.153,0.179,0.924,"R2",16.7,31.7,0,0,46,65,40,35.16,162.724702030726,12.6939128488112,1.2346162592382,2.11410509331103,16.3160886867538,0.29522136216376,0.0120451887691731,24.1614553723707,80.6,1,0.9317,0.173866666666667,0.525,0.3,0.45,0.25,66.0226666666667
"P16",3,"Sampling","sampling",FALSE,20.743,57.5,40,50,35,0.889,0.367,0.097,0.419,0.749,0.172,0.213,"R3",18.2,33,1,0,48.9,75,40,54.8,276.456882976122,9.66411489413942,1.39665560014593,2.20320923532324,8.46406421014228,0.224139913456954,0.125603112431312,4.48741335279095,31.3,2,0.4,0.138286666666667,0.575,0.6,0.5,0.65,50.7342666666667
"P16",4,"Sampling","sampling",FALSE,25.895,52.5,45,45,40,0.909,0.209,0.165,0.815,0.939,0.886,0.812,"R7",12.3,33,0,0,36.7,65,40,48.1,164.070209518325,9.60773084800848,1.50164879467997,2.62522531004163,17.8719866999169,0.298300748834347,0.143857408463699,21.90357439734,47.7,3,0.8306,0.172633333333333,0.525,0.55,0.55,0.6,52.0473333333333
"P16",5,"Sampling","sampling",FALSE,26.498,37.5,65,65,75,0.514,0.703,0.459,0.471,0.061,0.98,0.443,"R1",24.8,38,0,0,64.3,35,40,30.85,212.748238545379,13.386508291876,1.54777381723914,2.41784773192624,19.701879455606,0.235370029382672,0.00476489071110753,9.91574854180169,34.4,3,0.499,0.176653333333333,0.375,0.35,0.35,0.25,69.9669333333333
"P16",6,"Sampling","sampling",FALSE,23.946,45,65,60,70,0.527,0.051,0.875,0.083,0.682,0.838,0.588,"R2",23.8,33.7,0,0,63,40,50,24.63,162.444248392534,9.8656676500337,0.934762987012987,1.26258215549144,3.81493506493506,0.171045554162458,0.0092352538229194,7.22402597402597,85.6,4,0.629,0.15964,0.45,0.35,0.4,0.3,66.8072
"P16",7,"Sampling","sampling",FALSE,26.512,55,65,70,75,0.059,0.45,0.843,0.502,0.605,0.695,0.418,"R3",16.3,42.8,0,0,46.9,50,60,60.63,275.15415292064,15.40743508968,1.24016919525066,2.34299958855215,19.0963060686016,0.344897037896698,0.0861774610907498,33.509234828496,28.4,3,0.476,0.176746666666667,0.55,0.35,0.3,0.25,67.4650666666667
"P16",8,"Sampling","sampling",FALSE,31.261,52.5,55,45,40,0.721,0.366,0.521,0.43,0.687,0.353,0.566,"R7",9.2,38.2,1,0,25.2,50,55,63.85,162.664173303555,11.1909171827415,1.14929658628249,2.1742685374341,14.15596617601,0.320194435053362,0.150442459661906,46.9777638584403,52,3,0.6093,0.208406666666667,0.525,0.45,0.55,0.6,53.3318666666667
"P16",9,"Sampling","sampling",FALSE,23.507,47.5,55,55,60,0.919,0.21,0.872,0.847,0.226,0.9,0.414,"R1",23.9,35.3,1,0,57.5,45,50,32.08,212.786745119259,11.9531069181376,1.4305,2.56844931722579,17.5187032418953,0.240676152019378,0.00304694450181132,11.6583541147132,51.4,3,0.4721,0.156713333333333,0.475,0.45,0.45,0.4,61.3657333333333
"P16",10,"Sampling","sampling",FALSE,26.683,37.5,70,60,75,0.526,0.906,0.311,0.285,0.226,0.844,0.187,"R2",30.3,36.6,1,0,69.7,35,40,19.27,162.247942032473,7.51913544701712,1.11004668049793,1.56232770206624,10.0622406639004,0.147770533627128,0.0110555913521262,0.20746887966805,90.3,3,0.4,0.177886666666667,0.375,0.3,0.4,0.25,69.9422666666667
"P16",11,"Sampling","sampling",FALSE,21.17,40,25,50,45,0.31,0.46,0.168,0.779,0.971,0.487,0.754,"R3",20.3,51.5,2,0,52,40,40,48.9,275.735050341622,11.0418043588162,1.07385766871166,2.15450400924635,7.52556237218814,0.243050796853306,0.112801937221352,4.17177914110429,61.5,2,0.7786,0.141133333333333,0.4,0.75,0.5,0.55,53.1773333333333
"P16",12,"Sampling","sampling",FALSE,38.559,50,55,40,40,0.024,0.168,0.758,0.667,0.089,0.935,0.8,"R7",9.2,48.1,2,0,27.9,55,45,63.92,162.84774233573,12.2264356833378,1.45177416327807,2.83852686920219,22.2395996246481,0.3557611713228,0.108772893320161,46.418517360025,46.1,2,0.8197,0.25706,0.5,0.45,0.6,0.6,51.8588
"P16",13,"Sampling","sampling",FALSE,21.283,57.5,70,55,50,0.234,0.593,0.476,0.844,0.694,0.929,0.451,"R1",22,35.1,0,0,54.3,50,65,34.82,212.844068701128,10.1028645219848,1.4574118322803,2.50433149109226,14.9913842619184,0.223330211652289,0.00526946263178104,8.73061458931648,43,4,0.5063,0.141886666666667,0.575,0.3,0.45,0.5,60.6622666666667
"P16",14,"Sampling","sampling",TRUE,23.141,40,70,80,70,0.766,0.956,0.438,0.908,0.426,0.526,0.296,"R2",13.3,30.3,0,0,38.3,40,40,43.92,162.558917229038,12.0269035490098,0.789216757741348,1.55731434759895,9.42622950819672,0.280700410725062,0.0124475514836494,39.0255009107468,76.2,3,0.4,0.154273333333333,0.4,0.3,0.2,0.3,72.9145333333333
"P16",15,"Sampling","sampling",FALSE,21.606,65,60,45,50,0.911,0.375,0.744,0.135,0.921,0.451,0.057,"R3",14.6,33.2,2,0,40.6,60,70,67.5,274.274408823062,12.9558045077756,1.025832,2.11424725757842,9.57037037037037,0.292409374015094,0.0949532086178443,33.1259259259259,50.3,3,0.4,0.14404,0.65,0.4,0.55,0.5,55.1192
"P16",16,"Optimisation","optimization",FALSE,21.052,40,55,30,40,0.444,0.881,0.283,0.65,0.202,0.623,0.318,"R7",6.6,31.2,0,0,58.6,40,40,89.49,163.575442583126,9.17239465003693,0.541872849162011,1.30793756706916,4.49162011173184,0.250462405416507,0.107424794989068,59.9776536312849,45.7,2,0.4,0.140346666666667,0.4,0.45,0.7,0.6,54.1930666666667
"P16",17,"Optimisation","optimization",TRUE,22.11,35,65,80,75,0.558,0.905,0.443,0.394,0.427,0.949,0.312,"R1",21.2,33.6,0,0,59.2,35,35,36.09,212.995165553261,12.0620158958752,1.07849252077562,1.68694603390637,13.2963988919668,0.20973861741255,0.00542361318941317,12.6869806094183,85.1,3,0.4,0.1474,0.35,0.35,0.2,0.25,74.052
"P16",18,"Optimisation","optimization",FALSE,25.009,67.5,65,45,40,0.533,0.896,1,0.459,0.495,0.928,0.299,"R2",28.7,35.6,0,0,70.6,80,55,20.38,162.430746239905,8.84381286528989,1.39212941176471,13.7338045219296,7.94117647058823,0.0836226264528397,0.00924186521118607,0.196078431372549,88.9,5,0.4,0.166726666666667,0.675,0.35,0.55,0.6,53.1654666666667
"P16",19,"Optimisation","optimization",TRUE,20.437,35,70,75,80,0.552,0.768,0.331,0.386,0.436,0.973,0.331,"R3",16.1,35.8,0,0,39.2,35,35,61.15,274.143445544356,13.2108904005807,1.27193557880968,13.4976942515049,9.1563113145847,0.273085328746476,0.0870130885379977,29.2020928711576,32.9,3,0.4,0.136246666666667,0.35,0.3,0.25,0.2,75.2750666666667
"P16",20,"Optimisation","optimization",FALSE,27.719,55,40,65,50,0.556,0.428,0.372,0.351,0.359,0.921,0.313,"R7",13.4,36.6,1,0,32.1,65,45,43.26,160.623139546426,12.5415177277451,1.11651155268022,3.36924805402063,10.4898336414048,0.306517519615935,0.134506738472344,33.0406654343808,80.1,2,0.4,0.184793333333333,0.55,0.6,0.35,0.5,56.3041333333333
"P16",21,"Final design","finaldesign",NA,18.68,35,75,80,75,0.552,0.768,0.331,0.386,0.436,0.973,0.331,"R1",23.9,31.2,1,0,70.7,35,35,32.15,212.89264269218,10.7208094569951,0.706131218905473,1.06600900352918,1.43034825870647,0.176430888380086,0.00541559058285862,12.3756218905473,80.3,3,0.4,0.124533333333333,0.35,0.25,0.2,0.25,76.5093333333333
